Age,Sex,Grade,Date,Eye,Coin,Dice
46,Male,89.8,2018-08-19,Brown,Heads,3
33,Female,90.5,2018-08-19,Blue,Tails,
64,Female,89.4,2018-08-19,Hazel,Heads,3
59,Female,91.1,2018-08-19,Blue,Tails,2
25,Female,89.3,2018-08-19,Blue,Heads,5
88,Male,84.1,2018-08-19,Green,Tails,5
41,Male,89,2018-08-19,Gray,Tails,4
72,Male,85,2018-08-19,Green,Tails,2
62,Male,89.2,2018-08-19,Blue,Heads,5
28,Male,89.2,2018-08-19,Green,Tails,2
36,Male,85.7,2018-08-19,Brown,Heads,4
57,Male,93.3,2018-08-19,Green,Heads,2
45,Male,90.1,2018-08-19,Brown,Heads,
63,Female,83.6,2018-08-19,Blue,Heads,3
39,Female,89.6,2018-08-19,Blue,Heads,1
72,Male,93.4,2018-08-19,Brown,Tails,3
37,Female,88,2018-08-19,Blue,Heads,2
72,Male,83.3,2018-08-19,Blue,Heads,5
26,Female,90.6,2018-08-19,Green,Heads,3
29,Female,91.3,2018-08-19,Brown,Tails,2
78,Female,81.6,2018-08-19,Brown,,
70,Male,88.8,2018-08-19,Brown,Heads,3
20,Male,80.8,2018-08-19,Blue,Tails,
61,Male,80.3,2018-08-19,Brown,Heads,3
65,Male,,2018-08-19,Brown,,6
49,Male,83.5,2018-08-19,Blue,Heads,3
48,Male,100,2018-08-19,Blue,Tails,3
81,Male,89.2,2018-08-19,Hazel,Heads,
70,Male,87.5,2018-08-19,Hazel,Heads,6
26,Female,88.3,2018-08-19,Brown,,1
77,Male,83.7,2018-08-19,Brown,Tails,5
89,Female,96,2018-08-19,Brown,Heads,3
,Male,81.5,2018-08-19,Hazel,Heads,4
77,Female,,2018-08-19,Green,Heads,5
55,Male,,2018-08-19,Hazel,Tails,4
,Female,96.1,2018-08-19,Blue,Tails,5
,Female,94,2018-08-19,Hazel,Heads,6
71,Male,85.8,2018-08-19,Brown,Tails,4
57,Male,94.7,2018-08-19,Blue,Heads,2
57,Male,89.2,2018-08-19,Blue,Heads,2
48,Female,91.6,2018-08-19,Brown,Tails,2
60,Male,81.6,2018-08-19,Brown,Heads,4
68,Female,88.2,2018-08-19,Blue,Heads,1
43,Female,86.4,2018-08-19,Blue,Heads,1
45,Female,83.3,2018-08-19,Brown,Tails,5
86,Female,85.7,2018-08-19,Blue,Heads,2
37,Male,88.5,2018-08-19,Hazel,Heads,5
59,Male,90.6,2018-08-19,Brown,Heads,6
52,Male,85.4,2018-08-19,Brown,Heads,2
32,Male,81.9,2018-08-19,Blue,Heads,4
41,Male,86.4,2018-08-19,Green,Tails,1
23,Female,84.6,2018-08-19,Brown,Heads,5
82,Male,88.4,2018-08-19,Brown,Heads,6
46,Female,93.5,2018-08-19,Brown,,5
82,Male,88.6,2018-08-19,Brown,Tails,6
35,Male,96.5,2018-08-19,Brown,Heads,1
20,Female,88.2,2018-08-19,Brown,Tails,5
35,Male,87,2018-08-19,Brown,Tails,5
38,Male,89.5,2018-08-19,Brown,Tails,1
77,Male,,2018-08-19,Blue,Heads,
84,Male,89.5,2018-08-19,Brown,Tails,5
63,Male,88.9,2018-08-19,Blue,Tails,
73,Female,98.8,2018-08-19,Blue,Heads,1
62,Female,83.2,2018-08-19,Blue,Heads,2
31,Male,78.3,2018-08-19,Brown,Tails,6
29,Male,85.5,2018-08-19,Brown,Tails,3
66,Female,88.8,2018-08-19,Gray,Heads,4
26,Male,89.2,2018-08-19,Blue,Tails,4
20,Female,96,2018-08-19,Brown,Heads,4
51,Male,87.5,2018-08-19,Blue,Heads,4
29,Female,90.2,2018-08-19,Brown,Tails,2
62,Female,82.2,2018-08-19,Blue,Tails,4
70,Female,91.9,2018-08-19,Blue,Heads,1
,Male,87.4,2018-08-19,Blue,Heads,1
30,Male,89.2,2018-08-19,Brown,Heads,1
20,Female,89.7,2018-08-19,Green,Tails,4
81,Female,85.5,2018-08-19,Blue,Tails,3
22,Female,83.1,2018-08-19,Brown,Tails,4
38,Female,93.2,2018-08-19,Blue,Heads,5
,Female,87.1,2018-08-19,Brown,Tails,3
55,Female,89.3,2018-08-19,Gray,Tails,1
25,Female,83.8,2018-08-19,Blue,Tails,4
53,Male,85.3,2018-08-19,Hazel,Tails,6
,Female,83.7,2018-08-19,Brown,,4
65,Male,89.3,2018-08-19,Brown,Tails,5
78,Male,90.7,2018-08-19,Brown,Heads,3
22,Female,85.3,2018-08-19,Blue,,6
80,Male,85.8,2018-08-19,Blue,Tails,
38,Male,82.2,2018-08-19,Green,Tails,1
47,Female,89.5,2018-08-19,Brown,Tails,6
50,Male,88,2018-08-19,Brown,Heads,4
56,Female,91.8,2018-08-19,Hazel,Heads,6
27,Male,81.6,2018-08-19,Green,Heads,1
79,Female,91.1,2018-08-19,Brown,Heads,1
,Female,91.3,2018-08-19,Brown,Heads,4
18,Female,84.3,2018-08-19,Green,Tails,3
79,Male,87.1,2018-08-19,Blue,Heads,6
68,Male,82.6,2018-08-19,Brown,Heads,5
21,Female,88.4,2018-08-19,Brown,Heads,3
78,Female,93.9,2018-08-19,Gray,Heads,2
60,Male,83.4,2018-08-19,Brown,Heads,4
62,Male,88.9,2018-08-19,Brown,Heads,6
64,Male,87.7,2018-08-19,Gray,Heads,4
20,Male,,2018-08-19,Brown,Heads,1
51,Female,89.7,2018-08-19,Brown,Tails,
18,Female,95.6,2018-08-19,Blue,Heads,6
74,Female,85.8,2018-08-19,Brown,Tails,1
81,Female,88,2018-08-19,Brown,Heads,1
41,Female,89.5,2018-08-19,Brown,Heads,5
32,Female,91.8,2018-08-19,Brown,Heads,6
,Female,91,2018-08-19,Blue,Tails,4
83,Male,90.6,2018-08-19,Brown,Heads,5
,Male,87.7,2018-08-19,Brown,Tails,4
85,Female,86.4,2018-08-19,Hazel,Heads,6
74,Female,87.2,2018-08-19,Blue,Tails,6
23,Female,89.5,2018-08-19,Blue,Heads,2
48,Male,87.5,2018-08-19,Blue,Tails,3
36,Male,83.5,2018-08-19,Blue,Heads,4
88,Female,85.4,2018-08-19,Brown,Tails,1
65,Female,94.9,2018-08-19,Blue,Tails,1
36,Female,89.8,2018-08-19,Blue,Tails,4
,Male,88.8,2018-08-19,Brown,Heads,6
65,Female,90.6,2018-08-19,Blue,Tails,5
71,Male,89.8,2018-08-19,Brown,Tails,5
18,Male,84,2018-08-19,Brown,Heads,6
89,Male,89.2,2018-08-19,Blue,Tails,3
,Male,90.4,2018-08-19,Brown,,2
74,Female,86.6,2018-08-19,Brown,Heads,6
28,Male,85.1,2018-08-19,Blue,Tails,3
80,Male,89.8,2018-08-19,Brown,Heads,6
28,Female,88,2018-08-19,Gray,Heads,4
68,Male,88,2018-08-19,Blue,Heads,1
,Female,90.4,2018-08-19,Brown,Heads,3
66,Male,85.9,2018-08-19,Green,Tails,5
48,Female,86,2018-08-19,Green,,5
33,Female,91.3,2018-08-19,Green,,1
79,Male,92.4,2018-08-19,Brown,,1
78,Female,88,2018-08-19,Blue,,6
41,Male,81.7,2018-08-19,Brown,Heads,6
61,Male,94,2018-08-19,Green,Tails,5
83,Male,89.9,2018-08-19,Brown,Tails,4
23,Female,85.6,2018-08-19,Brown,Heads,6
48,Female,82.8,2018-08-19,Brown,Tails,3
85,Male,,2018-08-19,Brown,Tails,3
,Male,88.4,2018-08-19,Blue,Tails,4
31,Male,87.6,2018-08-19,Brown,Heads,6
63,Male,82.2,2018-08-19,Brown,Heads,3
54,Female,78.5,2018-08-19,Brown,Tails,4
85,Male,87,2018-08-19,Brown,Heads,1
30,Female,90.2,2018-08-19,Hazel,Heads,5
23,Female,86.5,2018-08-19,Blue,Heads,5
38,Male,83.4,2018-08-19,Brown,Heads,5
67,Female,88.9,2018-08-19,Brown,Heads,6
83,Male,88.8,2018-08-19,Blue,Tails,6
25,Male,84.8,2018-08-19,Hazel,Heads,3
72,Female,86.9,2018-08-19,Brown,,
71,Female,88.4,2018-08-19,Gray,Heads,5
51,Female,84.1,2018-08-19,Blue,Tails,3
66,Female,84.6,2018-08-19,Brown,Heads,4
58,Male,83.8,2018-08-19,Brown,Tails,4
34,Male,89.7,2018-08-19,Blue,Tails,5
74,Female,83.3,2018-08-19,Brown,Tails,1
,Female,89,2018-08-19,Brown,Tails,6
85,Male,82.5,2018-08-19,Brown,Tails,6
81,Male,86.9,2018-08-19,Blue,Heads,6
77,Male,82.4,2018-08-19,Brown,Heads,1
68,Female,89.7,2018-08-19,Brown,Heads,1
84,Female,87,2018-08-19,Blue,Heads,1
31,Female,85.2,2018-08-19,Brown,Heads,1
85,Male,90,2018-08-19,Blue,Tails,
89,Male,91.9,2018-08-19,Brown,Heads,1
73,Male,85.5,2018-08-19,Brown,Tails,
71,Female,84.6,2018-08-19,Blue,Heads,1
29,Male,88.8,2018-08-19,Green,Tails,1
45,Female,84.5,2018-08-19,Brown,Heads,2
26,Male,85.3,2018-08-19,Brown,Tails,6
,Female,92,2018-08-19,Brown,Tails,6
36,Female,88.8,2018-08-19,Blue,Heads,6
62,Female,80.5,2018-08-19,Blue,Heads,1
50,Female,84.3,2018-08-19,Hazel,Heads,6
64,Female,89.1,2018-08-19,Brown,Heads,1
40,Female,79.4,2018-08-19,Brown,Tails,3
63,Female,78.5,2018-08-19,Blue,Heads,4
57,Male,79.7,2018-08-19,Brown,Heads,1
82,Male,87.4,2018-08-19,Gray,Heads,5
87,Female,90.3,2018-08-19,Blue,Tails,5
69,Male,,2018-08-19,Blue,Heads,2
80,Female,91.6,2018-08-19,Brown,Heads,5
72,Female,87.8,2018-08-19,Brown,Heads,5
66,Male,84,2018-08-19,Blue,Tails,4
40,Female,87.8,2018-08-19,Hazel,Heads,3
,Male,83.1,2018-08-19,Brown,Tails,4
51,Female,87.8,2018-08-19,Brown,Heads,6
52,Female,87,2018-08-19,Green,Heads,2
18,Male,,2018-08-19,Hazel,Tails,2
86,Male,94.4,2018-08-19,Blue,Heads,3
31,Female,87.4,2018-08-19,Brown,Tails,4
37,Male,92.3,2018-08-19,Green,,1
60,Male,85.5,2018-08-19,Blue,Tails,1
66,Male,,2018-08-19,Blue,Heads,1
70,Male,89.6,2018-08-19,Brown,Tails,2
44,Male,88.1,2018-08-19,Brown,Tails,6
72,Male,93.8,2018-09-19,Brown,Heads,1
40,Female,86.9,2018-09-19,Brown,Heads,3
18,Male,96.1,2018-09-19,Blue,Heads,1
27,Male,92.6,2018-09-19,Green,Tails,3
88,Female,86.4,2018-09-19,Hazel,Heads,5
32,Male,84,2018-09-19,Green,Tails,5
32,Male,91,2018-09-19,Brown,Heads,4
55,Female,92.6,2018-09-19,Blue,Tails,2
,Male,88.1,2018-09-19,Brown,Tails,5
19,Male,82.9,2018-09-19,Brown,Tails,4
39,Female,87.2,2018-09-19,Blue,Tails,1
63,Female,88.9,2018-09-19,Green,Heads,6
52,Female,91.1,2018-09-19,Gray,Heads,6
81,Male,89.7,2018-09-19,Green,Heads,1
79,Female,90.8,2018-09-19,Blue,Heads,5
65,Male,89.4,2018-09-19,Blue,Heads,2
48,Female,89.8,2018-09-19,Brown,Tails,2
83,Female,89.7,2018-09-19,Gray,Heads,6
64,Female,86,2018-09-19,Blue,Heads,6
77,Male,93.8,2018-09-19,Brown,Tails,2
84,Male,,2018-09-19,Hazel,Tails,1
58,Female,84.8,2018-09-19,Brown,Heads,
85,Male,89.2,2018-09-19,Green,Heads,6
71,Male,87.6,2018-09-19,Brown,Tails,4
18,Female,89.3,2018-09-19,Brown,Tails,3
21,Female,87.1,2018-09-19,Blue,Tails,1
63,Female,92.8,2018-09-19,Brown,Tails,5
85,Female,86.4,2018-09-19,Blue,Heads,
76,Male,84.9,2018-09-19,Blue,Heads,2
,Female,87.3,2018-09-19,Brown,Tails,3
34,Male,83.6,2018-09-19,Brown,,1
48,Male,,2018-09-19,Blue,Heads,1
,Female,89.9,2018-09-19,Brown,Heads,6
35,Female,90.5,2018-09-19,Brown,Heads,4
58,Female,94.9,2018-09-19,Blue,Tails,1
44,Male,82.4,2018-09-19,Brown,Tails,2
76,Male,89.7,2018-09-19,Brown,Tails,5
75,Male,80.3,2018-09-19,Blue,Heads,1
56,Female,87,2018-09-19,Blue,Heads,6
18,Female,90.2,2018-09-19,Blue,Heads,1
30,Male,92.7,2018-09-19,Blue,Tails,1
82,Female,83.2,2018-09-19,Blue,Heads,2
37,Female,85.1,2018-09-19,Brown,Tails,6
37,Male,90.4,2018-09-19,Brown,Heads,4
28,Male,86.9,2018-09-19,Brown,Tails,
68,Male,90.1,2018-09-19,Brown,Heads,4
74,Female,91.3,2018-09-19,Brown,Heads,3
78,Female,75.6,2018-09-19,Brown,Tails,5
24,Male,86.5,2018-09-19,Green,Tails,4
36,Female,90.8,2018-09-19,Green,Tails,3
43,Male,93.4,2018-09-19,Brown,Heads,5
45,Female,87.4,2018-09-19,Blue,Heads,2
23,Female,85.2,2018-09-19,Brown,Heads,2
87,Male,,2018-09-19,Brown,Tails,4
72,Male,87.4,2018-09-19,Brown,Tails,2
25,Male,86.3,2018-09-19,Green,Heads,2
53,Female,86.6,2018-09-19,Blue,Heads,6
38,Female,85,2018-09-19,Brown,,3
47,Male,82.3,2018-09-19,Brown,Tails,5
35,Male,94.2,2018-09-19,Blue,Heads,1
65,Female,94.3,2018-09-19,Brown,,4
24,Male,80,2018-09-19,Blue,Heads,1
66,Male,93.1,2018-09-19,Brown,Tails,6
39,Male,81,2018-09-19,Brown,Heads,5
27,Male,93.4,2018-09-19,Blue,Heads,6
57,Female,80.2,2018-09-19,Blue,,2
,Male,87.1,2018-09-19,Blue,Heads,5
82,Female,90.3,2018-09-19,Blue,Heads,5
68,Male,87,2018-09-19,Green,Heads,2
54,Female,80.4,2018-09-19,Green,Tails,3
76,Female,,2018-09-19,Brown,Tails,5
70,Male,92,2018-09-19,Green,Tails,6
81,Female,85.9,2018-09-19,Green,Tails,4
36,Female,79.6,2018-09-19,Brown,Heads,5
58,Male,91.3,2018-09-19,Brown,Tails,1
81,Male,92,2018-09-19,Blue,Heads,5
52,Male,86,2018-09-19,Green,Tails,2
87,Male,89.1,2018-09-19,Brown,Heads,5
26,Male,84.3,2018-09-19,Green,Heads,4
39,Female,87.5,2018-09-19,Gray,Heads,4
,Female,87.6,2018-09-19,Blue,Tails,1
53,Female,86.3,2018-09-19,Green,Heads,4
33,Male,89.3,2018-09-19,Green,Tails,
18,Female,94.7,2018-09-19,Green,Tails,1
61,Female,96,2018-09-19,Blue,Tails,3
72,Female,84.9,2018-09-19,Brown,Heads,6
35,Female,87.7,2018-09-19,Brown,Heads,1
24,Male,94.8,2018-09-19,Hazel,Tails,5
72,Female,89.5,2018-09-19,Blue,Tails,2
68,Male,,2018-09-19,Hazel,Tails,6
73,Male,89.7,2018-09-19,Brown,Tails,1
42,Female,94.5,2018-09-19,Brown,Heads,5
66,Female,88.8,2018-09-19,Blue,Tails,1
33,Male,,2018-09-19,Gray,Heads,6
74,Male,92.7,2018-09-19,Brown,,3
44,Female,86,2018-09-19,Brown,Tails,5
82,Male,87.4,2018-09-19,Blue,Heads,3
51,Female,91.1,2018-09-19,Brown,Tails,6
44,Female,90.8,2018-09-19,Brown,Heads,6
,Female,98.1,2018-09-19,Brown,Heads,5
,Female,94,2018-09-19,Brown,Tails,5
77,Male,89.7,2018-09-19,Blue,Tails,5
28,Male,86.8,2018-09-19,Brown,Heads,2
30,Male,86.4,2018-09-19,Brown,Tails,4
26,Female,84.7,2018-09-19,Green,Tails,3
48,Female,93.5,2018-09-19,Blue,Heads,2
,Female,89.6,2018-09-19,Blue,Heads,1
66,Male,87.3,2018-09-19,Green,Tails,6
56,Female,83.8,2018-09-19,Blue,Heads,3
66,Female,87.7,2018-09-19,Brown,Tails,1
27,Female,90.6,2018-09-19,Brown,Heads,6
59,Male,87.1,2018-09-19,Blue,Tails,2
42,Female,88.1,2018-09-19,Hazel,Heads,1
64,Female,80.2,2018-09-19,Green,Tails,4
57,Male,86.8,2018-09-19,Brown,Heads,
64,Male,88,2018-09-19,Brown,Tails,4
86,Female,88.4,2018-09-19,Green,Tails,2
33,Male,81.3,2018-09-19,Green,Heads,1
89,Male,93.8,2018-09-19,Brown,Heads,3
68,Male,87.1,2018-09-19,Brown,Tails,3
39,Female,91.4,2018-09-19,Green,Heads,3
58,Female,88.1,2018-09-19,Hazel,Tails,1
81,Female,85.5,2018-09-19,Blue,Tails,5
75,Male,96.3,2018-09-19,Brown,Tails,3
79,Male,93.4,2018-09-19,Blue,Tails,4
31,Male,94.8,2018-09-19,Brown,,3
48,Male,81.1,2018-09-19,Green,Tails,1
25,Male,87.9,2018-09-19,Blue,Tails,6
66,Female,,2018-09-19,Hazel,Tails,2
64,Female,87.5,2018-09-19,Green,Tails,6
87,Female,85.1,2018-09-19,Brown,Heads,2
62,Female,87.8,2018-09-19,Brown,Heads,6
72,Female,85.7,2018-09-19,Blue,Tails,6
56,Female,89,2018-09-19,Brown,Heads,2
22,Male,95.5,2018-09-19,Gray,Tails,6
74,Male,88.6,2018-09-19,Brown,Tails,4
33,Female,86.1,2018-09-19,Blue,Heads,1
58,Male,,2018-09-19,Hazel,Heads,6
63,Female,87.1,2018-09-19,Green,Tails,2
25,Female,86.8,2018-09-19,Brown,Heads,3
19,Female,79.9,2018-09-19,Blue,Tails,2
76,Female,89.5,2018-09-19,Blue,Tails,2
20,Male,92.7,2018-09-19,Brown,Tails,6
40,Male,88.3,2018-09-19,Brown,Heads,6
52,Male,89.2,2018-09-19,Green,Tails,5
52,Female,81.5,2018-09-19,Gray,Tails,4
56,Male,82.3,2018-09-19,Hazel,Tails,
23,Female,84.2,2018-09-19,Brown,Tails,3
85,Male,85.7,2018-09-19,Brown,Tails,
78,Female,86.3,2018-09-19,Green,Tails,4
55,Male,,2018-09-19,Hazel,Tails,6
59,Female,89.2,2018-09-19,Blue,Heads,4
75,Male,82.7,2018-09-19,Brown,Tails,2
36,Female,87.2,2018-09-19,Blue,Tails,1
81,Female,84.8,2018-09-19,Brown,Heads,4
44,Female,91.9,2018-09-19,Hazel,Tails,1
89,Male,91.2,2018-09-19,Green,Heads,3
19,Male,87.3,2018-09-19,Blue,Heads,4
50,Male,88.8,2018-09-19,Hazel,Heads,2
85,Female,95.3,2018-09-19,Blue,Tails,6
48,Male,88.4,2018-09-19,Brown,Tails,3
88,Male,82.3,2018-09-19,Brown,Tails,4
53,Female,78.4,2018-09-19,Green,Heads,
82,Male,86.2,2018-09-19,Brown,Tails,
61,Female,85.4,2018-09-19,Brown,Heads,6
24,Male,87.3,2018-09-19,Brown,,6
36,Female,86.4,2018-09-19,Brown,Heads,2
33,Female,82.8,2018-09-19,Blue,Heads,1
27,Male,91,2018-09-19,Brown,Tails,1
47,Female,89.4,2018-09-19,Brown,Heads,3
77,Female,86.1,2018-09-19,Green,Tails,1
38,Female,89,2018-09-19,Blue,Tails,4
,Female,89.9,2018-09-19,Brown,Tails,3
65,Male,85.2,2018-09-19,Brown,Tails,3
76,Male,94.4,2018-09-19,Brown,Tails,1
,Male,95,2018-09-19,Green,Tails,6
64,Male,89.7,2018-09-19,Blue,Heads,1
76,Male,83.9,2018-09-19,Blue,Heads,2
65,Female,88.7,2018-09-19,Brown,Heads,5
83,Female,91.9,2018-09-19,Green,Heads,6
74,Male,86.5,2018-09-19,Blue,,6
34,Male,88.2,2018-09-19,Blue,,4
79,Male,90.1,2018-09-19,Blue,Heads,3
58,Female,93.9,2018-10-19,Green,Heads,3
40,Female,,2018-10-19,Blue,,4
44,Male,89.3,2018-10-19,Blue,Heads,5
41,Male,91.7,2018-10-19,Hazel,Tails,5
67,Male,82,2018-10-19,Green,,1
24,Female,86.5,2018-10-19,Brown,Tails,5
,Female,92.3,2018-10-19,Green,Tails,6
18,Female,91.1,2018-10-19,Blue,Heads,4
45,Male,79.7,2018-10-19,Blue,Tails,3
21,Male,91.2,2018-10-19,Blue,Heads,4
50,Male,93.7,2018-10-19,Blue,Heads,5
80,Male,93.2,2018-10-19,Blue,Heads,4
44,Male,86.7,2018-10-19,Green,Heads,5
55,Female,96.2,2018-10-19,Brown,Heads,3
54,Male,90.3,2018-10-19,Brown,Tails,1
22,Male,84.4,2018-10-19,Blue,,6
36,Female,84.5,2018-10-19,Green,Heads,6
84,Female,88.9,2018-10-19,Green,Tails,6
85,Male,87.3,2018-10-19,Green,Heads,1
63,Male,,2018-10-19,Brown,Heads,3
60,Male,88.6,2018-10-19,Hazel,Tails,6
,Female,86.8,2018-10-19,Brown,Tails,6
48,Male,91.6,2018-10-19,Blue,Tails,4
29,Male,89.3,2018-10-19,Brown,Heads,4
32,Female,92.5,2018-10-19,Brown,Heads,5
63,Male,92.1,2018-10-19,Brown,Heads,2
30,Female,93.3,2018-10-19,Brown,Heads,4
37,Male,82,2018-10-19,Brown,Heads,5
89,Male,87.2,2018-10-19,Brown,Heads,3
70,Male,91.2,2018-10-19,Brown,Heads,6
55,Male,88,2018-10-19,Blue,Heads,
20,Male,88.6,2018-10-19,Brown,Tails,1
77,Male,89.2,2018-10-19,Brown,Heads,6
73,Male,86.4,2018-10-19,Brown,Tails,5
43,Female,89.3,2018-10-19,Brown,Heads,1
38,Female,83,2018-10-19,Brown,Tails,5
57,Female,79.4,2018-10-19,Blue,Tails,5
88,Female,81.6,2018-10-19,Hazel,Heads,6
54,Female,82.3,2018-10-19,Green,Tails,2
74,Male,89.8,2018-10-19,Brown,Tails,4
81,Female,87.9,2018-10-19,Brown,Heads,5
69,Male,92.3,2018-10-19,Green,Heads,6
64,Female,91.2,2018-10-19,Brown,Heads,4
73,Female,87.5,2018-10-19,Brown,Tails,3
71,Male,86.7,2018-10-19,Brown,Heads,3
62,Female,93.4,2018-10-19,Brown,Heads,6
58,Male,85.2,2018-10-19,Hazel,Tails,6
33,Male,90.3,2018-10-19,Green,Tails,1
27,Male,91.7,2018-10-19,Green,Heads,6
70,Female,91,2018-10-19,Brown,Tails,1
23,Male,88.9,2018-10-19,Brown,Heads,5
73,Female,95.7,2018-10-19,Blue,Heads,6
83,Female,90.7,2018-10-19,Blue,Heads,2
73,Female,86.4,2018-10-19,Green,Tails,5
,Female,,2018-10-19,Brown,Tails,6
27,Female,92.8,2018-10-19,Brown,Heads,4
64,Female,87.9,2018-10-19,Brown,Tails,4
75,Male,89.6,2018-10-19,Brown,Heads,1
21,Female,86.6,2018-10-19,Brown,Heads,6
56,Male,83.6,2018-10-19,Brown,Heads,5
66,Female,87,2018-10-19,Blue,Tails,1
75,Male,85.8,2018-10-19,Blue,Tails,4
82,Female,84.8,2018-10-19,Blue,,1
29,Female,93.6,2018-10-19,Blue,Tails,3
76,Female,92.1,2018-10-19,Brown,Tails,5
40,Female,87.7,2018-10-19,Blue,Heads,2
35,Male,,2018-10-19,Brown,Heads,2
65,Female,88.5,2018-10-19,Hazel,Tails,4
37,Female,87.3,2018-10-19,Brown,Heads,3
42,Male,90.5,2018-10-19,Blue,Heads,4
38,Male,86.3,2018-10-19,Brown,Heads,2
60,Male,,2018-10-19,Blue,Heads,6
44,Male,86.5,2018-10-19,Blue,Tails,1
52,Male,93,2018-10-19,Green,Tails,4
,Female,,2018-10-19,Brown,Heads,4
25,Male,89.2,2018-10-19,Brown,Heads,3
54,Male,87.6,2018-10-19,Brown,Heads,3
58,Male,86.3,2018-10-19,Blue,Heads,4
89,Female,89.5,2018-10-19,Brown,Tails,1
46,Female,92.9,2018-10-19,Brown,Tails,5
48,Male,83.8,2018-10-19,Hazel,Tails,6
80,Male,87.7,2018-10-19,Brown,Tails,3
31,Female,86.7,2018-10-19,Brown,Tails,6
22,Female,93.6,2018-10-19,Blue,Tails,1
61,Female,84.1,2018-10-19,Blue,Tails,2
44,Female,96.7,2018-10-19,Brown,Heads,5
70,Male,90.5,2018-10-19,Brown,Heads,2
40,Male,90.1,2018-10-19,Brown,Heads,3
74,Female,90.5,2018-10-19,Blue,Tails,6
24,Female,83.4,2018-10-19,Brown,Heads,5
82,Female,88.5,2018-10-19,Brown,Heads,1
35,Female,89.8,2018-10-19,Brown,Heads,3
46,Female,88.2,2018-10-19,Blue,Tails,6
38,Male,91.9,2018-10-19,Brown,Tails,5
77,Female,88,2018-10-19,Brown,Tails,3
72,Male,91.8,2018-10-19,Blue,Heads,1
68,Male,94.6,2018-10-19,Blue,Tails,5
26,Female,84.6,2018-10-19,Brown,Heads,6
78,Female,90.4,2018-10-19,Brown,Tails,5
83,Female,98.7,2018-10-19,Gray,Tails,2
47,Male,83.6,2018-10-19,Green,Tails,5
22,Female,86.7,2018-10-19,Blue,Heads,3
30,Male,94.1,2018-10-19,Blue,Heads,5
21,Female,93.1,2018-10-19,Blue,,5
61,Male,89.2,2018-10-19,Brown,Heads,5
86,Female,83.5,2018-10-19,Brown,Tails,
71,Female,94.4,2018-10-19,Brown,Heads,5
40,Female,86,2018-10-19,Brown,Tails,2
82,Female,86.3,2018-10-19,Blue,Tails,6
67,Male,86.2,2018-10-19,Gray,Tails,3
22,Female,90.2,2018-10-19,Brown,Heads,4
71,Male,87.1,2018-10-19,Brown,Heads,1
77,Male,94.3,2018-10-19,Brown,Tails,4
53,Male,93.5,2018-10-19,Hazel,Tails,6
89,Male,91.5,2018-10-19,Brown,Tails,4
48,Male,87.3,2018-10-19,Green,Heads,4
53,Female,82.4,2018-10-19,Hazel,Heads,3
80,Female,88.5,2018-10-19,Green,Heads,2
84,Female,83.4,2018-10-19,Blue,Tails,6
85,Female,91.1,2018-10-19,Brown,Tails,2
,Female,89.5,2018-10-19,Hazel,Tails,1
53,Female,85.2,2018-10-19,Blue,Tails,4
33,Female,90.9,2018-10-19,Brown,Tails,1
28,Male,83.6,2018-10-19,Blue,Heads,1
18,Male,92.6,2018-10-19,Brown,Heads,3
41,Male,96.1,2018-10-19,Brown,Tails,2
63,Male,80.4,2018-10-19,Brown,Heads,3
28,Male,88.9,2018-10-19,Brown,Tails,3
58,Female,89.8,2018-10-19,Brown,Heads,2
40,Female,82.2,2018-10-19,Blue,Tails,6
63,Male,85.6,2018-10-19,Blue,Tails,1
57,Male,93.9,2018-10-19,Blue,Heads,2
85,Female,87.4,2018-10-19,Hazel,Tails,3
33,Male,91,2018-10-19,Green,Tails,6
65,Female,93.6,2018-10-19,Brown,Heads,1
21,Male,82,2018-10-19,Green,Heads,5
59,Male,90.1,2018-10-19,Brown,Heads,5
45,Male,92.1,2018-10-19,Brown,Tails,4
41,Male,91.1,2018-10-19,Blue,Heads,3
25,Male,87.1,2018-10-19,Blue,Heads,5
77,Female,92,2018-10-19,Green,Heads,1
68,Male,85.4,2018-10-19,Brown,Tails,6
58,Male,87.1,2018-10-19,Blue,Heads,5
79,Male,87.9,2018-10-19,Gray,Heads,1
40,Female,88,2018-10-19,Blue,Tails,6
83,Female,,2018-10-19,Blue,Tails,1
21,Male,87.3,2018-10-19,Blue,Heads,2
32,Female,87.5,2018-10-19,Hazel,,6
81,Male,83.2,2018-10-19,Brown,Heads,5
62,Male,93.4,2018-10-19,Blue,Heads,5
74,Male,89.1,2018-10-19,Blue,Tails,5
39,Female,84.9,2018-10-19,Brown,Heads,3
66,Female,92.1,2018-10-19,Green,Tails,2
47,Female,81.3,2018-10-19,Blue,Heads,3
30,Female,83.2,2018-10-19,Gray,Heads,6
57,Male,90.5,2018-10-19,Blue,Heads,5
80,Female,93,2018-10-19,Green,Heads,2
67,Male,87.3,2018-10-19,Blue,Heads,
31,Female,84.5,2018-10-19,Brown,Tails,2
40,Female,94.9,2018-10-19,Blue,Heads,2
62,Male,91.2,2018-10-19,Blue,Tails,3
55,Male,83.5,2018-10-19,Blue,Heads,3
19,Male,94.4,2018-10-19,Brown,Heads,4
44,Male,91.2,2018-10-19,Blue,Tails,6
36,Male,87.7,2018-10-19,Brown,Heads,5
35,Male,97.5,2018-10-19,Blue,Heads,2
67,Male,82.1,2018-10-19,Brown,Heads,1
80,Male,89.8,2018-10-19,Brown,Tails,3
,Female,84.1,2018-10-19,Green,Tails,1
58,Female,83.1,2018-10-19,Brown,Tails,5
29,Female,83.4,2018-10-19,Brown,Heads,5
19,Female,78.3,2018-10-19,Blue,Heads,1
18,Female,91.9,2018-10-19,Hazel,Tails,4
21,Male,89.7,2018-10-19,Hazel,Heads,
48,Male,83.2,2018-10-19,Green,Tails,1
50,Male,90.5,2018-10-19,Brown,Tails,5
19,Female,89.4,2018-10-19,Brown,Tails,5
36,Male,93.5,2018-10-19,Brown,Tails,2
42,Male,86.3,2018-10-19,Brown,Tails,1
35,Female,88.8,2018-10-19,Green,Heads,3
68,Male,86.2,2018-10-19,Brown,Tails,6
64,Male,88.3,2018-10-19,Blue,Tails,1
44,Female,92.4,2018-10-19,Brown,Heads,1
77,Male,86.6,2018-10-19,Brown,Tails,6
38,Female,91.5,2018-10-19,Hazel,,2
53,Male,88.4,2018-10-19,Brown,Tails,1
82,Female,88,2018-10-19,Blue,Heads,2
64,Male,80.1,2018-10-19,Blue,Heads,6
51,Male,85.3,2018-10-19,Brown,Tails,6
32,Female,86,2018-10-19,Blue,Heads,3
46,Male,90.6,2018-10-19,Blue,Heads,3
57,Female,,2018-10-19,Brown,Tails,3
20,Female,81.7,2018-10-19,Brown,Tails,4
25,Male,96.2,2018-10-19,Brown,Tails,
80,Female,89.4,2018-10-19,Brown,Heads,5
25,Female,79.8,2018-10-19,Brown,Heads,3
34,Male,88.2,2018-10-19,Brown,Tails,6
44,Female,82.4,2018-10-19,Brown,Heads,1
40,Female,,2018-10-19,Hazel,Heads,1
57,Female,87.2,2018-10-19,Brown,Tails,3
83,Male,84.5,2018-10-19,Green,Heads,1
33,Male,89.8,2018-10-19,Brown,Heads,3
35,Female,85.6,2018-10-19,Hazel,Tails,5
61,Female,86.2,2018-10-19,Green,Heads,2
70,Male,88.4,2018-11-19,Blue,Tails,4
20,Male,80.3,2018-11-19,Green,Heads,2
23,Female,92.7,2018-11-19,Brown,Tails,4
54,Female,91.2,2018-11-19,Green,Heads,3
34,Male,89.6,2018-11-19,Brown,Heads,5
76,Female,87.6,2018-11-19,Blue,Tails,5
35,Female,89.3,2018-11-19,Brown,Heads,4
79,Female,92.2,2018-11-19,Brown,Heads,2
44,Male,88.9,2018-11-19,Brown,Heads,2
31,Male,88.3,2018-11-19,Blue,Heads,6
85,Female,84.1,2018-11-19,Brown,Heads,1
36,Male,91.4,2018-11-19,Blue,Tails,5
71,Female,92.5,2018-11-19,Brown,Tails,2
78,Male,91.2,2018-11-19,Green,Tails,5
56,Female,81.8,2018-11-19,Blue,Tails,6
84,Female,86.6,2018-11-19,Blue,Heads,4
,Male,85.7,2018-11-19,Hazel,Heads,2
59,Female,84.4,2018-11-19,Green,Tails,6
24,Female,91.4,2018-11-19,Blue,Tails,3
,Female,92.3,2018-11-19,Blue,Heads,3
38,Female,87.9,2018-11-19,Brown,Tails,6
48,Female,89.6,2018-11-19,Brown,Heads,2
80,Male,82.6,2018-11-19,Brown,Heads,4
28,Female,84.9,2018-11-19,Hazel,Heads,3
20,Male,85.2,2018-11-19,Brown,,5
78,Female,85.9,2018-11-19,Blue,Tails,5
44,Male,83.9,2018-11-19,Blue,Tails,5
47,Male,88.5,2018-11-19,Blue,Tails,4
33,Female,84.8,2018-11-19,Brown,Tails,1
55,Female,84.9,2018-11-19,Blue,Heads,3
51,Male,86.6,2018-11-19,Gray,Tails,
85,Male,87.2,2018-11-19,Green,Tails,1
36,Male,85.5,2018-11-19,Brown,Tails,6
50,Female,87.1,2018-11-19,Brown,Heads,3
64,Female,92.1,2018-11-19,Blue,Tails,5
87,Male,91.7,2018-11-19,Brown,Tails,4
85,Female,81.2,2018-11-19,Brown,Tails,4
41,Male,83,2018-11-19,Brown,Tails,1
64,Female,86.9,2018-11-19,Hazel,Heads,5
26,Female,80.3,2018-11-19,Brown,Tails,2
46,Female,94.6,2018-11-19,Green,Tails,3
60,Female,87.7,2018-11-19,Brown,Tails,5
43,Male,,2018-11-19,Green,Heads,6
69,Male,87.2,2018-11-19,Gray,Tails,2
31,Female,87.7,2018-11-19,Brown,,3
49,Female,95.9,2018-11-19,Brown,Tails,5
71,Female,,2018-11-19,Green,Heads,4
61,Female,93.3,2018-11-19,Brown,Heads,3
69,Female,90.3,2018-11-19,Blue,Heads,6
76,Female,90.9,2018-11-19,Brown,Heads,1
26,Male,91.9,2018-11-19,Brown,,5
57,Female,91.7,2018-11-19,Blue,Tails,4
,Male,87.2,2018-11-19,Hazel,Tails,3
45,Male,87.4,2018-11-19,Blue,Tails,
21,Female,95.6,2018-11-19,Green,Tails,4
79,Male,92.2,2018-11-19,Green,Tails,6
84,Male,92,2018-11-19,Brown,Tails,2
67,Male,,2018-11-19,Green,Tails,4
,Male,84.8,2018-11-19,Blue,Tails,4
73,Male,92.8,2018-11-19,Blue,Tails,4
54,Female,83.6,2018-11-19,Brown,,3
42,Female,87.8,2018-11-19,Blue,Tails,5
63,Male,82.6,2018-11-19,Brown,Heads,3
68,Female,88.4,2018-11-19,Green,Heads,3
,Female,89.7,2018-11-19,Brown,Heads,5
71,Female,85.6,2018-11-19,Green,Heads,4
67,Female,83.7,2018-11-19,Brown,Heads,3
33,Male,91.5,2018-11-19,Brown,Heads,4
31,Male,94,2018-11-19,Hazel,Tails,5
34,Female,90.3,2018-11-19,Blue,Tails,1
39,Male,85.1,2018-11-19,Brown,Tails,2
23,Female,88.5,2018-11-19,Brown,Heads,5
21,Female,91.4,2018-11-19,Brown,Tails,5
56,Male,91.1,2018-11-19,Blue,Tails,6
46,Female,81.2,2018-11-19,Blue,Tails,1
88,Female,83.5,2018-11-19,Blue,Heads,4
46,Female,82,2018-11-19,Brown,Heads,4
76,Female,87.6,2018-11-19,Brown,Tails,
22,Male,89.6,2018-11-19,Hazel,Heads,5
41,Female,88.6,2018-11-19,Blue,Heads,1
28,Male,91.4,2018-11-19,Brown,Heads,2
36,Female,87.1,2018-11-19,Blue,Tails,3
19,Male,89.4,2018-11-19,Brown,Heads,1
29,Female,90,2018-11-19,Brown,Heads,4
47,Male,97,2018-11-19,Green,,5
56,Female,85.5,2018-11-19,Green,Heads,2
63,Female,86.1,2018-11-19,Blue,Tails,3
71,Male,90,2018-11-19,Brown,Tails,5
70,Female,93.1,2018-11-19,Brown,Tails,2
54,Female,85.3,2018-11-19,Green,Tails,1
53,Female,88.2,2018-11-19,Brown,Heads,4
82,Female,95.3,2018-11-19,Blue,Tails,4
20,Female,86,2018-11-19,Brown,Heads,5
85,Female,92.5,2018-11-19,Brown,Tails,6
68,Female,84.2,2018-11-19,Blue,Heads,6
24,Male,86.3,2018-11-19,Brown,,6
67,Male,84.8,2018-11-19,Hazel,Heads,5
79,Male,95.1,2018-11-19,Blue,Tails,3
71,Male,85.6,2018-11-19,Green,Heads,6
71,Male,87.4,2018-11-19,Green,Heads,2
,Female,89.6,2018-11-19,Brown,Tails,6
49,Female,93.8,2018-11-19,Brown,Tails,4
87,Female,87.8,2018-11-19,Brown,Tails,6
,Male,80.6,2018-11-19,Brown,Heads,6
37,Female,87.9,2018-11-19,Hazel,Tails,1
71,Female,85,2018-11-19,Green,Tails,6
22,Male,84.9,2018-11-19,Brown,Tails,1
,Male,86,2018-11-19,Brown,Tails,2
66,Female,,2018-11-19,Hazel,Heads,
25,Female,88.2,2018-11-19,Brown,Tails,2
65,Female,87.7,2018-11-19,Brown,Tails,4
25,Female,79.9,2018-11-19,Brown,Heads,1
21,Female,85.7,2018-11-19,Brown,Tails,6
41,Female,89.9,2018-11-19,Brown,Tails,2
70,Male,86.4,2018-11-19,Blue,Tails,5
66,Female,81.5,2018-11-19,Brown,,4
35,Male,99.6,2018-11-19,Gray,Tails,1
57,Female,87.5,2018-11-19,Blue,Tails,4
32,Male,84.3,2018-11-19,Green,Heads,2
38,Female,94.8,2018-11-19,Green,Tails,5
35,Male,90.8,2018-11-19,Hazel,,5
18,Female,91.5,2018-11-19,Green,Heads,1
72,Female,98,2018-11-19,Brown,Tails,4
25,Male,85.7,2018-11-19,Brown,Tails,2
,Male,86,2018-11-19,Gray,Tails,4
88,Male,81,2018-11-19,Brown,Tails,6
80,Male,81.2,2018-11-19,Brown,Heads,2
89,Male,88.7,2018-11-19,Blue,Tails,4
81,Male,82.1,2018-11-19,Hazel,Tails,2
,Male,88.4,2018-11-19,Brown,Heads,5
80,Female,80.8,2018-11-19,Blue,Tails,1
57,Female,90.7,2018-11-19,Brown,Tails,2
,Female,94,2018-11-19,Blue,Tails,1
50,Female,81.3,2018-11-19,Brown,Heads,2
26,Female,91.8,2018-11-19,Green,Tails,2
82,Male,82.8,2018-11-19,Blue,Tails,2
28,Male,85.9,2018-11-19,Gray,,2
86,Female,80,2018-11-19,Blue,Heads,5
21,Female,,2018-11-19,Brown,Tails,3
18,Male,84.4,2018-11-19,Brown,Heads,5
44,Male,90,2018-11-19,Brown,Heads,1
32,Male,89,2018-11-19,Blue,Heads,6
21,Female,89.3,2018-11-19,Hazel,,3
63,Male,88.8,2018-11-19,Green,Tails,4
81,Female,86.7,2018-11-19,Green,Tails,6
35,Female,96.8,2018-11-19,Blue,Tails,5
31,Male,97.2,2018-11-19,Brown,Heads,1
57,Male,89,2018-11-19,Brown,Heads,1
25,Male,87.2,2018-11-19,Green,Heads,3
38,Female,85,2018-11-19,Blue,Tails,3
24,Male,92.3,2018-11-19,Blue,Tails,2
65,Female,91.4,2018-11-19,Brown,Heads,6
65,Male,92,2018-11-19,Blue,Heads,5
84,Female,87.5,2018-11-19,Brown,Tails,1
,Male,83.1,2018-11-19,Blue,Heads,6
62,Female,82.9,2018-11-19,Blue,Tails,6
76,Male,84.8,2018-11-19,Green,Tails,1
77,Female,86.8,2018-11-19,Blue,Tails,2
,Female,93.4,2018-11-19,Blue,,2
72,Female,90.2,2018-11-19,Brown,Heads,3
72,Male,77.3,2018-11-19,Blue,Tails,
64,Female,94.8,2018-11-19,Blue,Heads,5
80,Female,92.9,2018-11-19,Hazel,Tails,5
46,Female,93.1,2018-11-19,Brown,Heads,4
68,Female,81.7,2018-11-19,Green,Heads,1
57,Female,,2018-11-19,Brown,,1
84,Male,91.7,2018-11-19,Blue,Tails,2
,Female,95.3,2018-11-19,Brown,Tails,1
75,Male,90,2018-11-19,Green,Heads,2
46,Male,99.9,2018-11-19,Brown,Heads,1
36,Male,92.1,2018-11-19,Brown,Tails,
84,Male,87.4,2018-11-19,Brown,Tails,6
82,Male,92.4,2018-11-19,Blue,Heads,1
53,Male,87.8,2018-11-19,Green,Heads,4
68,Female,88.1,2018-11-19,Brown,Tails,2
35,Female,84.6,2018-11-19,Blue,Heads,3
50,Male,80.4,2018-11-19,Brown,Heads,3
63,Female,86.1,2018-11-19,Brown,Heads,2
39,Male,90,2018-11-19,Brown,Tails,3
22,Male,,2018-11-19,Blue,Tails,6
54,Female,84.7,2018-11-19,Blue,Heads,4
86,Male,88.9,2018-11-19,Brown,Tails,1
39,Male,,2018-11-19,Blue,Heads,5
30,Male,90.1,2018-11-19,Blue,Heads,1
22,Female,93.6,2018-11-19,Blue,Tails,2
38,Male,83.9,2018-11-19,Blue,Heads,3
79,Male,82.1,2018-11-19,Green,Heads,1
79,Female,79.2,2018-11-19,Green,Heads,4
20,Male,93.6,2018-11-19,Blue,Tails,5
71,Male,78.6,2018-11-19,Blue,Tails,4
73,Female,90.5,2018-11-19,Blue,Heads,3
34,Female,80.3,2018-11-19,Green,Heads,3
59,Female,85.6,2018-11-19,Blue,Heads,3
20,Male,78.9,2018-11-19,Blue,Heads,
21,Male,92.8,2018-11-19,Blue,Tails,3
46,Female,85.4,2018-11-19,Gray,Heads,2
52,Male,82.9,2018-11-19,Green,Heads,6
76,Female,95.1,2018-11-19,Blue,Heads,3
48,Male,89.8,2018-11-19,Blue,Heads,2
80,Female,89.7,2018-11-19,Brown,Tails,6
29,Male,86.6,2018-11-19,Gray,Heads,2
32,Male,86.3,2018-11-19,Blue,Heads,4
52,Female,83.6,2018-11-19,Brown,Heads,3
42,Female,84.6,2018-11-19,Brown,Tails,4
28,Female,88.4,2018-11-19,Hazel,Heads,3
48,Female,86.7,2018-11-19,Hazel,Tails,3
38,Female,89,2018-11-19,Brown,Heads,6
55,Male,82.4,2018-11-19,Brown,Heads,4
58,Male,89,2018-11-19,Green,Tails,5
23,Male,97,2018-11-19,Brown,Heads,2
81,Female,89.5,2018-11-19,Brown,Tails,5
50,Female,100,2018-11-19,Brown,Tails,2
52,Female,93.8,2018-11-19,Blue,Tails,6
32,Male,89.3,2018-11-19,Brown,Heads,2
64,Male,83.1,2018-11-19,Brown,Heads,
51,Male,88.7,2018-11-19,Brown,,2
43,Female,89.7,2018-11-19,Green,Tails,1
19,Male,84.5,2018-11-19,Blue,Heads,4
87,Male,90,2018-11-19,Blue,Heads,2
75,Female,89.8,2018-12-19,Gray,Tails,3
61,Male,90.7,2018-12-19,Green,Heads,6
86,Female,85.4,2018-12-19,Brown,Tails,2
62,Male,,2018-12-19,Hazel,Tails,6
36,Female,87.9,2018-12-19,Blue,Heads,1
33,Male,88.8,2018-12-19,Hazel,Heads,5
25,Female,87.6,2018-12-19,Hazel,,6
,Male,81.9,2018-12-19,Blue,Tails,4
29,Female,90.6,2018-12-19,Brown,Tails,3
64,Female,86.6,2018-12-19,Blue,Heads,1
21,Male,84.1,2018-12-19,Brown,Tails,2
23,Male,85.1,2018-12-19,Blue,Heads,6
55,Female,83.3,2018-12-19,Blue,Tails,6
79,Female,85.8,2018-12-19,Brown,Heads,
25,Male,85.1,2018-12-19,Brown,Heads,5
87,Male,93.6,2018-12-19,Hazel,Heads,6
79,Male,86.8,2018-12-19,Brown,Tails,5
64,Female,88.1,2018-12-19,Brown,Tails,6
68,Female,87.5,2018-12-19,Brown,Tails,3
46,Female,84.7,2018-12-19,Hazel,Tails,6
62,Female,80,2018-12-19,Brown,Heads,4
86,Female,87.8,2018-12-19,Blue,Heads,4
81,Male,88,2018-12-19,Brown,Tails,4
37,Female,84.2,2018-12-19,Brown,Tails,3
60,Female,87.7,2018-12-19,Hazel,Tails,6
51,Male,85.2,2018-12-19,Brown,Tails,5
19,Male,90.2,2018-12-19,Gray,Heads,3
64,Female,83.2,2018-12-19,Brown,,5
43,Female,89,2018-12-19,Blue,Tails,6
70,Male,81.2,2018-12-19,Brown,Heads,3
73,Male,86.4,2018-12-19,Brown,Heads,3
79,Female,90.2,2018-12-19,Green,Heads,2
58,Male,,2018-12-19,Hazel,Heads,6
74,Male,84.2,2018-12-19,Blue,Heads,
38,Male,89.4,2018-12-19,Brown,Heads,1
64,Male,88.8,2018-12-19,Brown,Tails,5
23,Female,88.9,2018-12-19,Blue,Tails,2
54,Male,84.2,2018-12-19,Blue,Tails,1
81,Female,85.6,2018-12-19,Blue,Tails,2
45,Male,87.7,2018-12-19,Blue,Tails,5
85,Male,91.6,2018-12-19,Brown,Heads,4
49,Female,91.2,2018-12-19,Brown,Heads,6
30,Male,87.1,2018-12-19,Blue,Tails,3
37,Male,80,2018-12-19,Blue,Tails,6
57,Male,86.8,2018-12-19,Blue,Tails,4
89,Female,90.1,2018-12-19,Brown,Tails,5
35,Female,84.1,2018-12-19,Blue,Tails,4
81,Female,87.6,2018-12-19,Blue,Tails,1
,Male,90.7,2018-12-19,Brown,Heads,3
82,Female,83.4,2018-12-19,Hazel,Tails,5
59,Female,84.9,2018-12-19,Blue,Heads,4
,Male,90.4,2018-12-19,Blue,Heads,1
20,Female,80.4,2018-12-19,Blue,Tails,3
55,Male,86.5,2018-12-19,Brown,Tails,2
31,Male,86.8,2018-12-19,Green,Tails,5
69,Male,91.7,2018-12-19,Green,Heads,1
54,Female,90.4,2018-12-19,Hazel,Heads,1
45,Female,92.2,2018-12-19,Green,Tails,4
31,Female,,2018-12-19,Brown,Tails,6
26,Male,98.9,2018-12-19,Green,Tails,1
34,Male,84.2,2018-12-19,Hazel,Tails,6
28,Male,88.4,2018-12-19,Brown,Tails,6
20,Male,91.6,2018-12-19,Brown,Heads,5
55,Male,90.3,2018-12-19,Green,Heads,2
,Male,,2018-12-19,Brown,Tails,5
25,Female,94,2018-12-19,Blue,Heads,5
24,Male,85.6,2018-12-19,Brown,Heads,2
46,Male,85.7,2018-12-19,Blue,,3
46,Female,90,2018-12-19,Blue,Heads,3
80,Female,80.3,2018-12-19,Hazel,Tails,1
52,Male,83.7,2018-12-19,Hazel,Tails,3
25,Female,,2018-12-19,Green,Heads,2
47,Male,82.8,2018-12-19,Green,Tails,1
,Male,84.3,2018-12-19,Brown,Tails,2
60,Male,89.4,2018-12-19,Brown,Heads,3
23,Male,90.4,2018-12-19,Blue,Tails,2
19,Female,86.4,2018-12-19,Brown,Heads,3
23,Female,83.7,2018-12-19,Blue,Heads,4
81,Male,87.7,2018-12-19,Brown,Heads,2
55,Female,86.7,2018-12-19,Brown,Tails,1
33,Female,90.8,2018-12-19,Blue,Heads,5
32,Female,93.7,2018-12-19,Brown,Tails,4
87,Male,87.8,2018-12-19,Brown,Tails,2
78,Male,90,2018-12-19,Brown,Tails,6
52,Female,85.1,2018-12-19,Blue,Tails,2
80,Male,82.7,2018-12-19,Hazel,Heads,3
,Male,94.2,2018-12-19,Brown,Heads,6
41,Female,87.2,2018-12-19,Brown,Heads,1
,Female,82.9,2018-12-19,Blue,Heads,6
76,Female,88.7,2018-12-19,Brown,Heads,6
44,Female,87.4,2018-12-19,Brown,Tails,5
34,Male,93,2018-12-19,Brown,Tails,1
81,Female,83.8,2018-12-19,Green,Tails,6
42,Female,85.8,2018-12-19,Blue,,4
52,Female,93.5,2018-12-19,Blue,,
53,Male,87.7,2018-12-19,Blue,Tails,5
21,Male,87,2018-12-19,Blue,Heads,5
80,Male,88.3,2018-12-19,Brown,Tails,1
82,Female,90.3,2018-12-19,Brown,Tails,2
19,Female,83,2018-12-19,Brown,Tails,4
22,Female,84.8,2018-12-19,Blue,Heads,6
30,Female,87.2,2018-12-19,Blue,Tails,6
29,Male,92.4,2018-12-19,Brown,Heads,5
76,Male,85.8,2018-12-19,Gray,Heads,5
84,Female,91.2,2018-12-19,Brown,Heads,6
49,Male,87.2,2018-12-19,Brown,Tails,5
83,Male,84.5,2018-12-19,Brown,Heads,1
85,Female,86,2018-12-19,Blue,Tails,6
46,Male,92,2018-12-19,Brown,Tails,5
44,Male,86.9,2018-12-19,Blue,Heads,1
71,Male,81.7,2018-12-19,Brown,Heads,3
72,Female,90.3,2018-12-19,Gray,Heads,1
66,Male,82.2,2018-12-19,Brown,Heads,1
,Male,87.6,2018-12-19,Green,Tails,2
75,Male,90.9,2018-12-19,Brown,,6
72,Male,83.7,2018-12-19,Brown,Heads,4
79,Female,86,2018-12-19,Green,Tails,4
86,Male,87.7,2018-12-19,Brown,Tails,5
34,Female,80.4,2018-12-19,Brown,Tails,4
54,Male,87,2018-12-19,Blue,Heads,2
64,Female,94.2,2018-12-19,Blue,Tails,4
78,Male,85.1,2018-12-19,Brown,Heads,2
40,Male,85.5,2018-12-19,Blue,Tails,6
81,Male,94.7,2018-12-19,Blue,Tails,3
71,Male,85.5,2018-12-19,Brown,,4
48,Female,91.2,2018-12-19,Brown,Heads,5
71,Female,85.3,2018-12-19,Blue,Heads,1
44,Male,96,2018-12-19,Green,Heads,4
63,Male,84.3,2018-12-19,Blue,Tails,3
34,Male,87.8,2018-12-19,Blue,Tails,6
62,Male,95.5,2018-12-19,Blue,Heads,2
49,Male,91.6,2018-12-19,Hazel,Tails,4
,Female,86.4,2018-12-19,Brown,Tails,4
76,Female,87,2018-12-19,Brown,Heads,6
83,Male,90.5,2018-12-19,Hazel,Tails,3
78,Female,89.9,2018-12-19,Brown,Tails,2
57,Female,85.8,2018-12-19,Green,Heads,3
27,Female,78.7,2018-12-19,Gray,Heads,5
78,Male,83,2018-12-19,Brown,Tails,3
75,Female,89.5,2018-12-19,Blue,Heads,3
30,Male,94.9,2018-12-19,Brown,Tails,6
45,Female,80.4,2018-12-19,Gray,Tails,2
77,Female,86.7,2018-12-19,Green,Heads,1
63,Female,84,2018-12-19,Brown,Tails,6
44,Female,88.2,2018-12-19,Blue,Tails,3
63,Male,98.7,2018-12-19,Hazel,Tails,2
41,Male,90.8,2018-12-19,Brown,Tails,3
22,Female,79.8,2018-12-19,Blue,Tails,1
64,Female,81.8,2018-12-19,Green,Heads,4
31,Male,76,2018-12-19,Green,Heads,4
38,Male,89.9,2018-12-19,Brown,Heads,1
68,Male,88.1,2018-12-19,Brown,Heads,3
74,Male,92.3,2018-12-19,Brown,,5
88,Female,,2018-12-19,Green,Heads,6
30,Female,89.4,2018-12-19,Blue,Tails,3
75,Male,82.1,2018-12-19,Brown,Tails,1
70,Female,83.2,2018-12-19,Brown,Tails,4
67,Male,94.6,2018-12-19,Brown,Heads,2
20,Female,85.4,2018-12-19,Green,Heads,3
38,Male,91.1,2018-12-19,Blue,Heads,2
56,Male,88.3,2018-12-19,Brown,Tails,6
35,Female,85.1,2018-12-19,Brown,Tails,5
43,Female,89.7,2018-12-19,Brown,Tails,6
35,Male,83.7,2018-12-19,Blue,Heads,4
30,Male,90.2,2018-12-19,Green,Heads,6
32,Male,87.8,2018-12-19,Brown,Heads,2
50,Female,86,2018-12-19,Gray,Tails,5
48,Female,95.2,2018-12-19,Brown,Tails,6
54,Female,90.3,2018-12-19,Blue,Tails,3
33,Female,89.8,2018-12-19,Brown,Heads,1
83,Female,83.5,2018-12-19,Brown,Tails,
,Female,89,2018-12-19,Blue,Tails,6
72,Female,92.7,2018-12-19,Brown,Tails,
62,Male,92.5,2018-12-19,Brown,Heads,1
77,Male,86.6,2018-12-19,Blue,Tails,5
31,Male,90,2018-12-19,Green,Tails,3
81,Male,86.4,2018-12-19,Brown,Tails,6
27,Female,89.1,2018-12-19,Hazel,Heads,5
83,Male,84.8,2018-12-19,Brown,Tails,
49,Female,86.3,2018-12-19,Hazel,Tails,5
35,Female,82.2,2018-12-19,Brown,Heads,6
22,Male,84.5,2018-12-19,Brown,Tails,5
,Female,93.1,2018-12-19,Blue,Tails,6
82,Male,86.5,2018-12-19,Green,Heads,3
35,Male,90.3,2018-12-19,Brown,Tails,4
79,Female,81.9,2018-12-19,Brown,Heads,
85,Female,92,2018-12-19,Blue,Heads,2
41,Male,82.6,2018-12-19,Blue,,6
68,Female,89.5,2018-12-19,Blue,Tails,2
42,Male,86.5,2018-12-19,Brown,Heads,4
81,Female,95.3,2018-12-19,Brown,Tails,1
44,Male,92.2,2018-12-19,Brown,Heads,6
63,Male,87.9,2018-12-19,Blue,Heads,5
58,Male,83.2,2018-12-19,Brown,Tails,2
33,Male,90.3,2018-12-19,Blue,Tails,2
51,Male,96.4,2018-12-19,Brown,Heads,5
72,Male,86.9,2018-12-19,Brown,Tails,6
40,Female,89.7,2018-12-19,Blue,Heads,5
42,Female,87.4,2018-12-19,Green,Heads,6
76,Female,89.4,2018-12-19,Brown,Heads,3
50,Male,89,2018-12-19,Brown,Tails,1
34,Male,,2018-12-19,Hazel,Tails,2
74,Female,84.4,2018-12-19,Hazel,Heads,5
72,Female,82.2,2018-12-19,Brown,Tails,1
24,Male,82.4,2018-12-19,Hazel,Tails,3
,Female,97.7,2018-12-19,Brown,Heads,6
23,Male,92.1,2018-12-19,Brown,Tails,5
46,Male,86.5,2018-12-19,Hazel,Tails,5
78,Male,82.8,2018-12-19,Hazel,Heads,1
72,Male,88.4,2018-12-19,Green,Tails,3
56,Male,87.2,2018-12-19,Green,Tails,6
63,Male,,2018-12-19,Brown,Heads,6
82,Male,78.2,2018-12-19,Brown,Heads,2
69,Female,81.1,2018-12-19,Brown,Tails,4
38,Male,88.6,2018-12-19,Brown,Heads,5
38,Female,88.7,2019-01-19,Blue,Tails,2
27,Female,85,2019-01-19,Blue,Heads,2
64,Male,82.6,2019-01-19,Brown,Tails,3
70,Female,90.3,2019-01-19,Green,Heads,5
88,Male,93.9,2019-01-19,Blue,Heads,5
52,Male,86.8,2019-01-19,Blue,Heads,3
41,Male,89.7,2019-01-19,Blue,Heads,5
67,Male,92.2,2019-01-19,Gray,,2
43,Female,,2019-01-19,Brown,Heads,1
18,Female,,2019-01-19,Hazel,Tails,1
40,Male,96.9,2019-01-19,Brown,Tails,4
56,Male,,2019-01-19,Brown,Heads,4
80,Male,87.4,2019-01-19,Green,Heads,3
45,Female,81.4,2019-01-19,Brown,Heads,3
64,Female,85.9,2019-01-19,Brown,Tails,1
39,Male,91.5,2019-01-19,Blue,Tails,2
60,Male,84.4,2019-01-19,Blue,Tails,2
37,Female,87.9,2019-01-19,Brown,Tails,
34,Male,92,2019-01-19,Brown,Tails,2
37,Male,86.7,2019-01-19,Brown,,2
31,Female,86.5,2019-01-19,Brown,Tails,5
31,Male,85.2,2019-01-19,Brown,Tails,2
19,Female,93.5,2019-01-19,Gray,Tails,1
18,Male,87.4,2019-01-19,Blue,Heads,6
77,Female,83.3,2019-01-19,Brown,Tails,4
73,Male,86.1,2019-01-19,Brown,Tails,5
23,Male,91.9,2019-01-19,Brown,Tails,3
22,Male,89.1,2019-01-19,Green,Heads,4
74,Male,91.1,2019-01-19,Brown,Tails,6
22,Male,,2019-01-19,Green,Heads,3
,Male,87.1,2019-01-19,Brown,Heads,6
37,Female,87.9,2019-01-19,Brown,,
26,Male,95.3,2019-01-19,Brown,Heads,3
50,Female,84.1,2019-01-19,Blue,Heads,4
62,Female,83.8,2019-01-19,Brown,Tails,3
47,Female,79.3,2019-01-19,Green,,3
72,Male,94.4,2019-01-19,Brown,Tails,6
43,Male,96.3,2019-01-19,Brown,Heads,5
66,Female,89.9,2019-01-19,Blue,Heads,4
66,Female,88.7,2019-01-19,Blue,Tails,1
77,Female,85.2,2019-01-19,Blue,Heads,6
36,Male,85.8,2019-01-19,Blue,Tails,1
30,Female,88.4,2019-01-19,Hazel,Tails,5
58,Male,89.2,2019-01-19,Brown,Tails,4
81,Female,88.7,2019-01-19,Hazel,Tails,4
81,Female,89.5,2019-01-19,Blue,Heads,3
26,Male,79.5,2019-01-19,Brown,Tails,2
61,Male,,2019-01-19,Blue,Tails,3
82,Male,79.4,2019-01-19,Brown,Tails,3
59,Male,86.2,2019-01-19,Brown,Heads,4
20,Female,,2019-01-19,Blue,Heads,4
55,Male,92.9,2019-01-19,Blue,Tails,5
49,Female,86,2019-01-19,Brown,Heads,5
57,Male,94.2,2019-01-19,Brown,Tails,4
51,Female,89.4,2019-01-19,Brown,Tails,4
68,Female,,2019-01-19,Blue,Tails,2
28,Male,88.9,2019-01-19,Brown,Heads,3
32,Male,91.2,2019-01-19,Blue,Tails,5
34,Male,89.7,2019-01-19,Hazel,Heads,3
20,Male,93.3,2019-01-19,Brown,Heads,1
63,Female,83.3,2019-01-19,Green,Tails,2
23,Male,88,2019-01-19,Blue,Heads,5
47,Female,92,2019-01-19,Blue,Tails,6
38,Female,87.2,2019-01-19,Brown,Heads,3
29,Female,93.1,2019-01-19,Brown,Tails,1
74,Male,92.6,2019-01-19,Brown,Tails,6
83,Female,91.2,2019-01-19,Brown,Tails,3
23,Male,86.2,2019-01-19,Brown,Heads,6
47,Female,88.2,2019-01-19,Blue,Heads,1
65,Male,84.9,2019-01-19,Brown,Heads,5
60,Female,86.3,2019-01-19,Brown,Tails,1
31,Male,90.7,2019-01-19,Brown,Heads,2
84,Male,86.7,2019-01-19,Blue,Tails,2
19,Male,89.9,2019-01-19,Brown,Tails,5
34,Male,86.2,2019-01-19,Blue,Tails,1
50,Female,89.9,2019-01-19,Blue,Tails,5
72,Female,87.7,2019-01-19,Brown,Heads,4
44,Female,90.8,2019-01-19,Blue,Heads,1
81,Female,88.8,2019-01-19,Green,Heads,6
66,Female,89.2,2019-01-19,Blue,Tails,6
75,Female,85.5,2019-01-19,Blue,Heads,5
52,Male,90.1,2019-01-19,Gray,Heads,5
73,Female,84.1,2019-01-19,Hazel,Heads,1
66,Female,84.8,2019-01-19,Brown,Tails,1
83,Male,92.5,2019-01-19,Blue,Heads,1
18,Male,89.2,2019-01-19,Brown,Heads,
68,Female,85.8,2019-01-19,Green,Tails,5
48,Female,83.8,2019-01-19,Brown,Tails,3
22,Female,85.4,2019-01-19,Brown,Heads,4
22,Male,88.4,2019-01-19,Brown,Tails,4
66,Female,92.3,2019-01-19,Hazel,Heads,1
30,Female,86.3,2019-01-19,Blue,Heads,5
88,Male,85.4,2019-01-19,Hazel,Tails,4
35,Female,86.4,2019-01-19,Blue,Heads,
64,Female,89.4,2019-01-19,Gray,Heads,3
83,Female,93.9,2019-01-19,Brown,Tails,2
42,Female,86.6,2019-01-19,Brown,Tails,3
79,Female,88.6,2019-01-19,Brown,Heads,4
35,Male,87.2,2019-01-19,Blue,Tails,5
52,Male,91.2,2019-01-19,Blue,Heads,1
35,Female,90.8,2019-01-19,Brown,Heads,5
36,Male,84.7,2019-01-19,Brown,Heads,4
58,Male,86.1,2019-01-19,Blue,Tails,2
60,Male,95,2019-01-19,Blue,Heads,2
47,Female,92.1,2019-01-19,Green,Tails,1
52,Female,87.2,2019-01-19,Brown,Tails,4
38,Female,86.6,2019-01-19,Blue,Heads,6
22,Male,79.9,2019-01-19,Brown,,4
,Male,86.4,2019-01-19,Brown,,
56,Male,86.5,2019-01-19,Blue,Tails,4
33,Female,89.4,2019-01-19,Brown,Heads,3
71,Male,93.8,2019-01-19,Brown,Tails,3
35,Female,89.8,2019-01-19,Green,Tails,5
25,Female,90.2,2019-01-19,Blue,Heads,2
53,Female,88.4,2019-01-19,Brown,Heads,3
81,Male,90.4,2019-01-19,Blue,Heads,1
61,Female,91.6,2019-01-19,Blue,Tails,1
,Male,83.4,2019-01-19,Green,Heads,2
63,Female,91,2019-01-19,Brown,Tails,5
36,Female,85.5,2019-01-19,Brown,Tails,1
89,Male,83.7,2019-01-19,Brown,,5
19,Female,85.3,2019-01-19,Blue,Heads,6
63,Male,88.3,2019-01-19,Blue,Tails,6
31,Male,94.2,2019-01-19,Gray,Tails,3
25,Female,81.8,2019-01-19,Green,Heads,5
26,Male,89.6,2019-01-19,Brown,Tails,2
41,Female,88.5,2019-01-19,Brown,Heads,2
55,Male,89.3,2019-01-19,Green,Tails,4
71,Female,,2019-01-19,Hazel,Heads,5
34,Female,88.7,2019-01-19,Blue,Tails,6
21,Female,84.3,2019-01-19,Brown,Tails,3
65,Female,,2019-01-19,Blue,Heads,2
62,Male,89.1,2019-01-19,Brown,Tails,3
51,Female,84.4,2019-01-19,Hazel,Tails,2
,Female,,2019-01-19,Brown,Tails,3
20,Female,96.4,2019-01-19,Brown,Heads,1
22,Female,97.4,2019-01-19,Brown,Heads,6
32,Male,89.1,2019-01-19,Brown,Heads,2
58,Male,90.9,2019-01-19,Blue,Heads,3
78,Male,86.1,2019-01-19,Blue,Tails,6
62,Male,86.6,2019-01-19,Hazel,Tails,5
57,Female,87.8,2019-01-19,Green,Heads,5
59,Male,82.1,2019-01-19,Brown,Heads,4
78,Male,89.3,2019-01-19,Brown,Tails,6
37,Female,86.4,2019-01-19,Hazel,Heads,4
29,Female,84.2,2019-01-19,Green,Tails,3
48,Female,92.9,2019-01-19,Brown,Heads,6
53,Male,83.6,2019-01-19,Blue,Tails,6
19,Female,90.6,2019-01-19,Brown,Heads,3
48,Male,90.3,2019-01-19,Brown,Heads,6
,Female,83.6,2019-01-19,Blue,Tails,4
77,Female,92.6,2019-01-19,Green,Tails,1
64,Male,83.8,2019-01-19,Hazel,Tails,2
75,Male,91.6,2019-01-19,Brown,Heads,3
80,Male,89.6,2019-01-19,Blue,Heads,
86,Male,92.5,2019-01-19,Brown,Heads,5
82,Male,90.7,2019-01-19,Blue,,2
34,Male,90.6,2019-01-19,Brown,Tails,1
65,Male,85.9,2019-01-19,Brown,Tails,5
34,Male,89.8,2019-01-19,Hazel,Heads,3
81,Male,,2019-01-19,Brown,Heads,1
18,Male,88,2019-01-19,Brown,Tails,6
65,Female,83,2019-01-19,Blue,Tails,6
65,Male,96.9,2019-01-19,Hazel,Tails,3
88,Male,88.3,2019-01-19,Brown,Heads,2
76,Female,89.5,2019-01-19,Brown,Heads,3
68,Male,90.4,2019-01-19,Blue,Heads,4
73,Male,85.1,2019-01-19,Blue,Heads,
71,Male,88.8,2019-01-19,Brown,Heads,5
36,Female,88.2,2019-01-19,Brown,Tails,2
,Female,88.8,2019-01-19,Brown,Heads,3
46,Female,90.5,2019-01-19,Hazel,Tails,1
54,Male,87.4,2019-01-19,Green,Tails,1
80,Female,98.1,2019-01-19,Brown,Tails,6
65,Female,88.9,2019-01-19,Brown,Heads,3
22,Male,79.1,2019-01-19,Brown,Tails,
64,Male,93.7,2019-01-19,Hazel,,6
55,Female,83.9,2019-01-19,Brown,Heads,
66,Female,77.2,2019-01-19,Brown,Tails,4
54,Male,88.6,2019-01-19,Brown,Heads,4
79,Male,81.1,2019-01-19,Hazel,Tails,3
43,Female,81.6,2019-01-19,Brown,Tails,1
55,Male,88.5,2019-01-19,Hazel,Tails,1
56,Female,90.5,2019-01-19,Blue,Heads,1
74,Female,84.4,2019-01-19,Blue,Tails,3
76,Female,90.2,2019-01-19,Brown,Tails,5
28,Male,95.8,2019-01-19,Brown,Heads,3
,Female,85,2019-01-19,Blue,Tails,1
50,Male,90.7,2019-01-19,Hazel,Tails,5
47,Female,88.1,2019-01-19,Brown,Tails,4
60,Female,87.1,2019-01-19,Brown,Heads,3
86,Female,91.8,2019-01-19,Hazel,Tails,6
,Male,89.5,2019-01-19,Blue,Heads,2
58,Female,82.1,2019-01-19,Brown,Tails,3
,Male,95,2019-01-19,Gray,Tails,2
54,Female,,2019-01-19,Hazel,Tails,5
30,Female,,2019-01-19,Blue,Tails,2
20,Female,87.9,2019-01-19,Blue,Tails,2
27,Female,82.9,2019-01-19,Brown,Heads,
25,Female,84.6,2019-01-19,Brown,,4
55,Female,75.3,2019-01-19,Brown,Heads,2
24,Male,84.5,2019-01-19,Blue,Heads,5
43,Male,87.3,2019-01-19,Brown,Tails,
31,Female,81.4,2019-01-19,Brown,Tails,2
48,Male,81.1,2019-01-19,Brown,Tails,5
41,Male,96.6,2019-01-19,Blue,Tails,6
18,Female,84.8,2019-01-19,Brown,Tails,5
88,Male,79,2019-01-19,Blue,,2
89,Male,87.5,2019-01-19,Brown,Tails,4
35,Male,85.8,2019-01-19,Blue,Tails,3
69,Female,91.2,2019-01-19,Brown,Tails,1
66,Male,88.1,2019-01-19,Brown,Heads,5
29,Male,88.5,2019-01-19,Blue,Heads,4
74,Female,82.7,2019-01-19,Blue,Tails,1
88,Male,94.8,2019-01-19,Brown,Tails,6
80,Male,89,2019-01-19,Green,Heads,5
65,Male,,2019-01-19,Brown,Tails,5
25,Female,87.3,2019-01-19,Brown,Tails,1
64,Male,92.3,2019-02-19,Brown,Heads,1
29,Male,90.4,2019-02-19,Blue,Tails,4
53,Female,90.5,2019-02-19,Blue,Heads,2
87,Female,85.7,2019-02-19,Blue,Tails,6
48,Male,88.9,2019-02-19,Green,,4
33,Male,89.9,2019-02-19,Brown,Heads,3
67,Female,87.3,2019-02-19,Green,Heads,6
89,Female,89.1,2019-02-19,Blue,Tails,
29,Male,90.9,2019-02-19,Brown,Tails,
66,Male,92.3,2019-02-19,Brown,Tails,2
42,Male,94.8,2019-02-19,Hazel,Heads,2
70,Male,81.3,2019-02-19,Green,Heads,4
38,Male,93.7,2019-02-19,Hazel,,2
45,Female,89.6,2019-02-19,Blue,Heads,6
74,Female,93.7,2019-02-19,Green,Tails,1
39,Female,85.9,2019-02-19,Blue,Tails,2
85,Male,85.9,2019-02-19,Green,Heads,4
73,Male,85.8,2019-02-19,Hazel,Heads,4
73,Male,79.5,2019-02-19,Blue,,3
51,Female,90.2,2019-02-19,Brown,Heads,6
87,Female,88.9,2019-02-19,Blue,Tails,2
31,Male,85.1,2019-02-19,Brown,Tails,
69,Female,90.1,2019-02-19,Green,Heads,3
22,Male,98.3,2019-02-19,Green,Tails,5
62,Male,88,2019-02-19,Brown,Tails,2
40,Male,87,2019-02-19,Green,Heads,3
63,Female,87.1,2019-02-19,Green,Tails,2
86,Female,93,2019-02-19,Blue,Tails,4
81,Male,86.7,2019-02-19,Hazel,Heads,3
,Male,87.6,2019-02-19,Brown,Tails,1
42,Female,87.9,2019-02-19,Blue,Tails,3
20,Female,84.1,2019-02-19,Hazel,Heads,2
77,Male,89.9,2019-02-19,Brown,,6
22,Male,94.1,2019-02-19,Brown,,6
89,Male,95.4,2019-02-19,Blue,Tails,6
32,Female,98.9,2019-02-19,Blue,Tails,4
35,Male,88.2,2019-02-19,Green,Tails,2
84,Male,90.1,2019-02-19,Brown,Tails,5
69,Male,91.3,2019-02-19,Brown,Tails,5
25,Male,93.3,2019-02-19,Brown,Heads,6
53,Female,88.9,2019-02-19,Brown,Tails,2
24,Male,86.3,2019-02-19,Brown,Tails,6
60,Male,85.6,2019-02-19,Blue,Tails,2
29,Female,81.2,2019-02-19,Brown,Heads,4
55,Female,94.8,2019-02-19,Brown,Heads,6
66,Male,90.6,2019-02-19,Brown,Heads,6
55,Female,88.3,2019-02-19,Hazel,Heads,4
30,Female,82.6,2019-02-19,Gray,Heads,2
75,Male,88.7,2019-02-19,Green,Heads,5
42,Male,87,2019-02-19,Brown,Heads,3
71,Male,87.7,2019-02-19,Hazel,Tails,
31,Male,85.5,2019-02-19,Green,Tails,3
27,Male,85.2,2019-02-19,Blue,Tails,6
50,Male,90.1,2019-02-19,Brown,Tails,5
75,Male,87.8,2019-02-19,Blue,Heads,1
82,Male,80.1,2019-02-19,Brown,Heads,6
36,Male,87.9,2019-02-19,Brown,,1
84,Female,92.5,2019-02-19,Blue,Heads,2
89,Female,91.1,2019-02-19,Green,Tails,1
60,Female,91,2019-02-19,Brown,Tails,6
18,Male,89,2019-02-19,Brown,Tails,5
35,Female,95.5,2019-02-19,Brown,Tails,4
,Male,90.8,2019-02-19,Blue,Tails,6
36,Female,90.4,2019-02-19,Brown,Heads,5
,Female,90.7,2019-02-19,Blue,Tails,6
42,Male,84.5,2019-02-19,Green,Heads,4
70,Male,89.9,2019-02-19,Brown,Heads,1
40,Female,83,2019-02-19,Brown,Tails,5
25,Female,86.5,2019-02-19,Brown,Tails,5
83,Male,91,2019-02-19,Blue,Heads,1
,Male,81.7,2019-02-19,Brown,Heads,1
46,Female,91.5,2019-02-19,Brown,Heads,4
79,Female,84.4,2019-02-19,Blue,Tails,2
81,Female,87.4,2019-02-19,Blue,Heads,1
49,Male,,2019-02-19,Blue,Tails,5
34,Male,88.8,2019-02-19,Brown,Tails,2
43,Female,,2019-02-19,Brown,Tails,3
68,Male,,2019-02-19,Green,Heads,6
78,Male,89.6,2019-02-19,Brown,Tails,1
65,Male,89.5,2019-02-19,Brown,Heads,4
24,Male,89.2,2019-02-19,Blue,Tails,6
,Female,85.8,2019-02-19,Brown,Tails,4
71,Female,82,2019-02-19,Brown,Tails,
22,Male,88.7,2019-02-19,Blue,Heads,6
77,Male,93.7,2019-02-19,Green,Tails,3
79,Male,81.7,2019-02-19,Green,Heads,5
60,Male,83.5,2019-02-19,Blue,Tails,3
53,Male,90.7,2019-02-19,Hazel,Heads,4
75,Female,87.5,2019-02-19,Green,Heads,2
30,Male,84.4,2019-02-19,Blue,Heads,5
75,Female,85.7,2019-02-19,Hazel,,4
64,Male,89.7,2019-02-19,Green,Heads,5
31,Female,86.1,2019-02-19,Hazel,Heads,6
47,Female,85.7,2019-02-19,Blue,Tails,6
32,Male,77.4,2019-02-19,Brown,Tails,5
27,Male,87.2,2019-02-19,Brown,Heads,2
35,Female,84.8,2019-02-19,Brown,Tails,2
56,Female,85.9,2019-02-19,Blue,Heads,1
19,Female,88.8,2019-02-19,Brown,Heads,1
37,Male,87.3,2019-02-19,Blue,Tails,6
24,Male,96.4,2019-02-19,Green,,3
44,Male,91.3,2019-02-19,Green,Tails,6
75,Male,90.5,2019-02-19,Green,Tails,1
61,Female,92.7,2019-02-19,Brown,Heads,6
78,Male,90.2,2019-02-19,Blue,Tails,6
28,Female,81,2019-02-19,Brown,Heads,4
,Female,,2019-02-19,Blue,Tails,3
77,Male,95.4,2019-02-19,Brown,Heads,6
68,Female,87.8,2019-02-19,Brown,Tails,1
78,Male,91.4,2019-02-19,Blue,Tails,6
82,Male,86.4,2019-02-19,Green,Tails,
60,Male,80.5,2019-02-19,Blue,Tails,6
83,Female,84.5,2019-02-19,Brown,Tails,5
85,Female,82.8,2019-02-19,Brown,Tails,3
20,Male,,2019-02-19,Green,Heads,6
36,Male,89.9,2019-02-19,Blue,Heads,6
33,Female,85.2,2019-02-19,Brown,Heads,6
58,Female,83.4,2019-02-19,Green,Tails,5
41,Female,85.6,2019-02-19,Blue,Heads,1
25,Female,84.7,2019-02-19,Green,Tails,4
43,Male,89.6,2019-02-19,Blue,Heads,6
,Female,88.9,2019-02-19,Green,Tails,2
54,Male,88.9,2019-02-19,Brown,Tails,
86,Male,82.3,2019-02-19,Green,Heads,
72,Male,90.2,2019-02-19,Blue,Heads,2
81,Female,83.3,2019-02-19,Blue,Tails,1
64,Male,88.4,2019-02-19,Brown,Heads,6
67,Male,88.6,2019-02-19,Brown,Tails,4
28,Male,94.9,2019-02-19,Brown,Heads,2
52,Male,75.5,2019-02-19,Hazel,Tails,3
55,Male,88.3,2019-02-19,Brown,Heads,3
39,Female,84.6,2019-02-19,Brown,Heads,1
24,Male,85.6,2019-02-19,Brown,Tails,5
79,Male,87.9,2019-02-19,Brown,Tails,1
80,Male,84.8,2019-02-19,Brown,Tails,4
65,Male,,2019-02-19,Green,Heads,4
28,Female,87.6,2019-02-19,Blue,Tails,4
42,Female,88,2019-02-19,Blue,Heads,6
61,Male,89.4,2019-02-19,Brown,Tails,2
43,Female,92.6,2019-02-19,Brown,Tails,4
76,Male,,2019-02-19,Green,Tails,6
50,Female,96,2019-02-19,Brown,Tails,1
58,Male,85.9,2019-02-19,Blue,Heads,4
72,Male,90.5,2019-02-19,Brown,Heads,5
60,Male,93,2019-02-19,Blue,Heads,
75,Female,86.9,2019-02-19,Blue,Heads,5
80,Male,89.6,2019-02-19,Blue,Tails,5
18,Female,93.7,2019-02-19,Green,Tails,6
61,Male,88.6,2019-02-19,Blue,Tails,1
62,Female,82.9,2019-02-19,Brown,Heads,1
72,Female,85.5,2019-02-19,Green,Tails,6
75,Female,95.5,2019-02-19,Gray,Tails,4
42,Female,85.9,2019-02-19,Hazel,Tails,4
70,Male,82.5,2019-02-19,Blue,Tails,1
80,Male,84.1,2019-02-19,Brown,Heads,4
77,Male,85,2019-02-19,Green,,3
20,Male,87,2019-02-19,Brown,Heads,3
51,Female,91,2019-02-19,Hazel,Tails,2
38,Female,93.6,2019-02-19,Blue,Heads,3
,Female,88.2,2019-02-19,Brown,,2
48,Male,87.9,2019-02-19,Blue,Tails,4
78,Male,90.7,2019-02-19,Blue,Heads,3
33,Female,88.8,2019-02-19,Brown,Heads,3
77,Female,,2019-02-19,Brown,Tails,2
64,Female,,2019-02-19,Brown,Heads,2
57,Female,85.7,2019-02-19,Green,,3
73,Male,83.6,2019-02-19,Brown,Tails,1
32,Female,,2019-02-19,Blue,Tails,4
41,Male,82.7,2019-02-19,Blue,Heads,4
46,Male,87.4,2019-02-19,Blue,,5
56,Male,95.5,2019-02-19,Brown,Heads,4
43,Female,96.2,2019-02-19,Blue,Tails,5
37,Male,88.9,2019-02-19,Brown,Heads,4
18,Male,86.9,2019-02-19,Green,Tails,6
82,Female,87.8,2019-02-19,Blue,Tails,6
34,Male,87.5,2019-02-19,Brown,Tails,4
72,Female,83.1,2019-02-19,Brown,Heads,6
59,Male,89,2019-02-19,Green,Heads,6
84,Male,97.4,2019-02-19,Blue,Heads,4
,Female,90.8,2019-02-19,Brown,Tails,5
46,Female,87.3,2019-02-19,Hazel,Heads,6
44,Female,86.8,2019-02-19,Gray,Heads,5
80,Female,88.7,2019-02-19,Brown,Heads,5
58,Female,91.5,2019-02-19,Brown,Tails,2
28,Male,91.9,2019-02-19,Blue,Heads,5
68,Male,90.5,2019-02-19,Brown,Tails,4
35,Female,91.1,2019-02-19,Brown,Heads,3
84,Female,84.7,2019-02-19,Brown,Heads,
48,Male,92.2,2019-02-19,Green,Heads,1
20,Female,91.5,2019-02-19,Blue,Tails,5
43,Female,89.7,2019-02-19,Blue,Tails,4
24,Female,94.2,2019-02-19,Gray,Tails,1
29,Female,94.9,2019-02-19,Green,Tails,1
85,Male,90.2,2019-02-19,Blue,Heads,4
33,Female,98.9,2019-02-19,Green,Heads,3
72,Female,89,2019-02-19,Blue,Heads,6
84,Female,90.9,2019-02-19,Brown,Heads,3
38,Female,91.3,2019-02-19,Blue,Tails,
34,Female,84.4,2019-02-19,Brown,Heads,5
66,Female,90.6,2019-02-19,Blue,Heads,1
79,Male,88.2,2019-02-19,Brown,Tails,3
54,Male,91.1,2019-02-19,Brown,Tails,2
23,Female,87.7,2019-02-19,Green,Tails,6
38,Female,88.4,2019-02-19,Blue,Heads,2
32,Female,84.2,2019-02-19,Blue,Tails,6
,Female,,2019-02-19,Brown,Heads,4
57,Male,88,2019-02-19,Brown,Heads,5
49,Male,80.2,2019-02-19,Green,Heads,3
86,Female,85,2019-02-19,Brown,Tails,2
22,Female,85.1,2019-02-19,Blue,Tails,3
62,Female,85.6,2019-02-19,Hazel,Heads,2
88,Male,90.2,2019-02-19,Brown,Tails,1
30,Male,88.5,2019-02-19,Gray,Tails,3
56,Female,89.9,2019-02-19,Brown,Heads,2
77,Male,89.4,2019-02-19,Brown,Heads,6
46,Female,88.9,2019-03-19,Blue,Tails,
27,Male,84.7,2019-03-19,Blue,Heads,3
34,Male,85.8,2019-03-19,Brown,Tails,1
39,Male,,2019-03-19,Hazel,Tails,1
37,Female,86.4,2019-03-19,Brown,Heads,3
26,Female,97.4,2019-03-19,Brown,Tails,4
49,Female,90.3,2019-03-19,Blue,Heads,5
73,Female,88.7,2019-03-19,Blue,Tails,4
78,Male,86.7,2019-03-19,Brown,Tails,1
80,Male,84.5,2019-03-19,Blue,Tails,2
42,Male,80,2019-03-19,Hazel,Tails,6
88,Male,91.1,2019-03-19,Brown,Heads,4
46,Female,83.5,2019-03-19,Blue,Heads,2
89,Female,89.7,2019-03-19,Brown,Heads,6
21,Male,87.1,2019-03-19,Brown,Heads,1
26,Female,82.7,2019-03-19,Blue,Heads,1
18,Male,89.5,2019-03-19,Brown,Tails,5
28,Female,94.2,2019-03-19,Blue,Heads,2
53,Male,93.2,2019-03-19,Blue,Tails,1
60,Male,87.3,2019-03-19,Brown,Heads,1
83,Male,91.6,2019-03-19,Brown,,5
37,Female,85.2,2019-03-19,Gray,Heads,3
22,Female,,2019-03-19,Blue,Heads,3
42,Male,86.5,2019-03-19,Brown,Heads,6
79,Male,82.5,2019-03-19,Blue,Heads,5
73,Male,90.6,2019-03-19,Brown,Heads,5
84,Male,95.1,2019-03-19,Hazel,Tails,2
61,Female,,2019-03-19,Blue,Heads,4
79,Male,93.6,2019-03-19,Hazel,Heads,3
64,Male,84.8,2019-03-19,Blue,Heads,4
26,Female,85.6,2019-03-19,Blue,Tails,4
75,Male,,2019-03-19,Blue,Tails,3
19,Male,93,2019-03-19,Brown,Tails,5
24,Female,87.9,2019-03-19,Brown,Heads,
41,Male,90.3,2019-03-19,Brown,Heads,2
46,Male,84.6,2019-03-19,Brown,Heads,5
32,Male,87.1,2019-03-19,Gray,Tails,3
56,Male,87.7,2019-03-19,Brown,Tails,5
72,Male,85.6,2019-03-19,Blue,Tails,4
54,Female,90.4,2019-03-19,Blue,Heads,1
89,Male,81.1,2019-03-19,Brown,Tails,6
89,Female,87.7,2019-03-19,Blue,Tails,1
36,Male,84.7,2019-03-19,Hazel,Heads,4
21,Male,86.6,2019-03-19,Brown,Tails,6
49,Male,85.8,2019-03-19,Brown,Tails,4
83,Male,79.3,2019-03-19,Brown,,2
61,Male,83.4,2019-03-19,Blue,Heads,4
19,Male,89.9,2019-03-19,Brown,Heads,3
21,Male,92.7,2019-03-19,Brown,,6
28,Female,86.5,2019-03-19,Blue,,6
79,Female,90.1,2019-03-19,Brown,Heads,5
,Female,89.6,2019-03-19,Hazel,Heads,
26,Male,89,2019-03-19,Brown,Heads,
46,Male,93.2,2019-03-19,Brown,Tails,3
51,Female,91.1,2019-03-19,Brown,Tails,2
40,Male,92.3,2019-03-19,Brown,Tails,6
73,Male,96.7,2019-03-19,Hazel,Heads,3
77,Male,88.4,2019-03-19,Brown,Heads,
38,Female,86.3,2019-03-19,Hazel,Tails,5
42,Female,85.2,2019-03-19,Brown,Heads,6
53,Female,89.4,2019-03-19,Blue,Heads,3
19,Female,93.4,2019-03-19,Brown,Heads,6
27,Female,,2019-03-19,Brown,Tails,3
77,Male,85.9,2019-03-19,Brown,Tails,4
37,Male,90.3,2019-03-19,Gray,Heads,
59,Male,89.5,2019-03-19,Blue,Heads,1
75,Male,92.1,2019-03-19,Blue,Tails,5
20,Female,93.5,2019-03-19,Gray,Tails,2
79,Female,86,2019-03-19,Green,Tails,3
,Male,90.2,2019-03-19,Brown,,2
79,Male,88.5,2019-03-19,Brown,Heads,6
,Female,87.6,2019-03-19,Blue,Heads,4
19,Female,97.4,2019-03-19,Brown,Tails,4
30,Male,87.9,2019-03-19,Hazel,Heads,5
63,Male,84.4,2019-03-19,Hazel,Heads,1
63,Male,88,2019-03-19,Brown,Tails,1
81,Male,90.9,2019-03-19,Brown,Tails,3
38,Male,86.3,2019-03-19,Brown,Tails,3
33,Female,87.4,2019-03-19,Blue,Heads,2
81,Female,83,2019-03-19,Brown,Tails,4
38,Female,91.9,2019-03-19,Green,Tails,4
88,Female,86.9,2019-03-19,Hazel,,6
70,Female,86,2019-03-19,Blue,Heads,6
43,Male,83.2,2019-03-19,Gray,Tails,2
85,Male,91.9,2019-03-19,Hazel,Tails,5
19,Female,92.2,2019-03-19,Brown,Heads,6
54,Female,89.7,2019-03-19,Blue,Heads,1
31,Female,87.7,2019-03-19,Blue,Tails,2
87,Female,87.9,2019-03-19,Brown,Tails,4
60,Male,82.2,2019-03-19,Brown,Tails,1
88,Female,88.3,2019-03-19,Brown,Tails,4
77,Male,89.2,2019-03-19,Brown,Tails,2
18,Female,84.7,2019-03-19,Brown,Tails,2
,Female,80.6,2019-03-19,Blue,,5
33,Male,85.1,2019-03-19,Blue,Heads,4
52,Female,90.4,2019-03-19,Green,Tails,4
62,Female,82.5,2019-03-19,Green,Heads,3
24,Female,97.6,2019-03-19,Brown,Tails,1
55,Male,87.8,2019-03-19,Brown,Heads,5
53,Male,87.3,2019-03-19,Brown,Tails,3
86,Male,87.8,2019-03-19,Brown,Heads,4
56,Female,88.6,2019-03-19,Blue,Tails,4
64,Male,85.3,2019-03-19,Blue,Tails,1
60,Female,91.2,2019-03-19,Brown,Heads,2
21,Female,93.7,2019-03-19,Blue,Tails,3
77,Female,88,2019-03-19,Green,Heads,2
68,Male,85.3,2019-03-19,Brown,Tails,4
47,Female,91.9,2019-03-19,Blue,Tails,5
60,Female,87.3,2019-03-19,Blue,Heads,6
60,Male,93.8,2019-03-19,Hazel,Tails,2
63,Male,89,2019-03-19,Brown,Heads,2
50,Male,82.3,2019-03-19,Brown,Heads,4
51,Male,86.7,2019-03-19,Blue,Heads,1
,Male,87.9,2019-03-19,Hazel,Heads,4
58,Female,,2019-03-19,Brown,Heads,6
71,Female,97.2,2019-03-19,Brown,Heads,5
85,Female,94.7,2019-03-19,Brown,,4
,Male,88,2019-03-19,Brown,Tails,6
38,Female,84.9,2019-03-19,Gray,Heads,2
47,Female,87.3,2019-03-19,Blue,Heads,6
71,Male,88.4,2019-03-19,Brown,Tails,1
66,Male,91.4,2019-03-19,Brown,Heads,6
27,Female,85.6,2019-03-19,Brown,,3
34,Female,92.8,2019-03-19,Gray,Tails,2
52,Female,85.6,2019-03-19,Brown,Tails,1
70,Female,85.8,2019-03-19,Brown,Heads,1
36,Male,89.4,2019-03-19,Brown,Heads,4
63,Male,86.2,2019-03-19,Brown,Heads,6
59,Female,89.2,2019-03-19,Brown,Tails,4
42,Female,90.1,2019-03-19,Brown,Tails,2
70,Female,86.3,2019-03-19,Green,Tails,5
28,Male,87,2019-03-19,Blue,Tails,4
29,Female,,2019-03-19,Green,Heads,2
56,Male,89.5,2019-03-19,Blue,Tails,2
19,Male,87.9,2019-03-19,Brown,Heads,3
48,Female,87.7,2019-03-19,Brown,Tails,6
,Female,84.7,2019-03-19,Gray,Heads,1
32,Female,91.1,2019-03-19,Blue,,5
27,Male,84.8,2019-03-19,Brown,Heads,4
,Male,88.6,2019-03-19,Brown,Heads,3
19,Female,86.3,2019-03-19,Green,Heads,4
64,Male,93.2,2019-03-19,Green,Tails,6
38,Male,85.3,2019-03-19,Blue,Heads,2
31,Male,93,2019-03-19,Blue,Tails,2
75,Male,97.1,2019-03-19,Brown,Heads,5
49,Male,88.4,2019-03-19,Brown,Heads,1
81,Male,88.4,2019-03-19,Brown,Tails,3
78,Male,86.3,2019-03-19,Brown,Heads,
85,Female,79.3,2019-03-19,Brown,Heads,6
27,Male,88.5,2019-03-19,Blue,Heads,1
27,Female,82.4,2019-03-19,Blue,Heads,3
40,Male,81,2019-03-19,Brown,Heads,1
55,Female,86.2,2019-03-19,Brown,Tails,4
71,Female,85.5,2019-03-19,Blue,Tails,3
54,Female,83.3,2019-03-19,Brown,Tails,1
41,Female,92.1,2019-03-19,Brown,Heads,6
26,Male,82,2019-03-19,Hazel,Heads,2
20,Male,89.2,2019-03-19,Brown,Heads,4
29,Female,88.2,2019-03-19,Blue,Tails,6
45,Female,82.7,2019-03-19,Brown,Tails,2
57,Male,75.9,2019-03-19,Brown,Heads,4
21,Female,91.2,2019-03-19,Brown,Heads,2
,Male,91.1,2019-03-19,Brown,Tails,1
56,Female,91.1,2019-03-19,Brown,Heads,2
44,Female,86.8,2019-03-19,Hazel,Heads,1
59,Male,89.4,2019-03-19,Brown,Heads,5
59,Male,91.3,2019-03-19,Green,Heads,1
44,Female,81.3,2019-03-19,Blue,Tails,6
68,Female,80.2,2019-03-19,Brown,,6
52,Female,90.5,2019-03-19,Brown,Tails,1
85,Female,86.4,2019-03-19,Brown,Heads,3
72,Female,88.6,2019-03-19,Blue,,1
51,Female,86.5,2019-03-19,Brown,,1
,Male,87.5,2019-03-19,Hazel,Tails,4
56,Male,91.4,2019-03-19,Green,Heads,4
82,Female,92.9,2019-03-19,Brown,Heads,4
72,Male,87.3,2019-03-19,Hazel,Heads,3
49,Female,86.2,2019-03-19,Brown,Heads,4
40,Male,78.8,2019-03-19,Hazel,Tails,5
33,Female,90.7,2019-03-19,Gray,Tails,6
48,Female,82.5,2019-03-19,Hazel,Tails,2
18,Male,81.3,2019-03-19,Blue,Tails,4
43,Female,88.5,2019-03-19,Blue,Heads,1
24,Female,88.2,2019-03-19,Blue,Heads,3
38,Male,87.8,2019-03-19,Brown,Heads,6
34,Female,87.7,2019-03-19,Blue,,1
67,Female,88.5,2019-03-19,Blue,,2
40,Female,88.3,2019-03-19,Hazel,Tails,6
63,Female,83.9,2019-03-19,Brown,Heads,2
47,Male,93,2019-03-19,Brown,Heads,1
23,Female,83.8,2019-03-19,Hazel,Heads,4
50,Female,86.6,2019-03-19,Brown,Tails,1
56,Female,86,2019-03-19,Blue,Heads,5
25,Female,88.6,2019-03-19,Brown,Tails,5
37,Male,92.8,2019-03-19,Brown,Tails,3
55,Male,94.2,2019-03-19,Blue,Tails,3
68,Male,87.6,2019-03-19,Blue,Heads,4
62,Female,86.4,2019-03-19,Green,Heads,3
61,Female,87.9,2019-03-19,Hazel,Tails,3
61,Female,86.7,2019-03-19,Blue,Heads,1
55,Female,84.6,2019-03-19,Blue,Tails,2
64,Male,77.8,2019-03-19,Hazel,Heads,3
86,Female,85.5,2019-03-19,Green,,4
36,Female,85.3,2019-03-19,Blue,Tails,
46,Male,89,2019-03-19,Brown,Heads,3
23,Male,78.5,2019-03-19,Blue,Heads,
77,Male,89.6,2019-03-19,Blue,Tails,4
87,Female,85.3,2019-03-19,Brown,Tails,3
52,Female,86.2,2019-03-19,Green,Heads,4
24,Female,85.5,2019-03-19,Blue,Tails,4
72,Male,,2019-03-19,Brown,Tails,5
78,Female,83.1,2019-03-19,Brown,Heads,5
55,Female,89.4,2019-03-19,Blue,Heads,3
30,Male,85.1,2019-03-19,Gray,,2
47,Male,88.6,2019-03-19,Green,Tails,5
24,Male,89.8,2019-03-19,Gray,Heads,1
43,Male,,2019-03-19,Hazel,Tails,6
54,Female,88.7,2019-03-19,Blue,,5
36,Male,92.1,2019-03-19,Blue,Heads,3
38,Female,88.6,2019-03-19,Brown,Tails,4
30,Female,96.2,2019-03-19,Brown,Tails,4
68,Female,91.1,2019-03-19,Brown,Tails,2
44,Male,86.3,2019-03-19,Brown,Tails,4
80,Female,88.2,2019-03-19,Hazel,Tails,1
87,Female,84.9,2019-03-19,Brown,Tails,6
28,Male,90.2,2019-04-19,Hazel,Tails,2
68,Male,93.9,2019-04-19,Blue,Tails,4
88,Male,91.9,2019-04-19,Hazel,Heads,1
23,Female,92.8,2019-04-19,Blue,Tails,2
84,Female,88.1,2019-04-19,Blue,,3
82,Female,87.4,2019-04-19,Brown,Tails,3
71,Male,85.7,2019-04-19,Blue,Tails,1
49,Male,84.8,2019-04-19,Gray,Heads,1
73,Male,90.1,2019-04-19,Green,Heads,4
59,Male,85.2,2019-04-19,Hazel,Tails,1
32,Female,94.2,2019-04-19,Brown,Tails,5
77,Male,99.1,2019-04-19,Brown,Heads,2
50,Male,,2019-04-19,Brown,Heads,3
82,Female,81.8,2019-04-19,Brown,Heads,1
22,Female,89.4,2019-04-19,Blue,Heads,6
48,Male,89,2019-04-19,Brown,Tails,3
32,Male,88.4,2019-04-19,Brown,Heads,
37,Male,,2019-04-19,Blue,Tails,5
49,Female,84,2019-04-19,Brown,Tails,5
39,Male,84.3,2019-04-19,Blue,Heads,5
49,Female,85.7,2019-04-19,Brown,Tails,4
31,Female,83.9,2019-04-19,Blue,Tails,3
20,Male,,2019-04-19,Brown,Heads,4
63,Male,88.8,2019-04-19,Hazel,Tails,2
54,Male,86.8,2019-04-19,Brown,Heads,
53,Male,87.9,2019-04-19,Brown,Tails,1
53,Male,81.5,2019-04-19,Hazel,Tails,6
87,Male,90.3,2019-04-19,Blue,Tails,
89,Female,90.5,2019-04-19,Brown,Heads,4
22,Female,94.5,2019-04-19,Blue,Heads,6
77,Male,91,2019-04-19,Brown,Tails,6
55,Male,85.9,2019-04-19,Blue,Heads,6
59,Female,91.8,2019-04-19,Hazel,Tails,1
69,Male,90.9,2019-04-19,Brown,Heads,5
23,Male,85.5,2019-04-19,Blue,Tails,6
40,Male,84.4,2019-04-19,Brown,Tails,5
22,Female,90.3,2019-04-19,Blue,Heads,5
65,Male,94.3,2019-04-19,Gray,Tails,3
34,Female,81.5,2019-04-19,Brown,Tails,6
76,Female,89.9,2019-04-19,Brown,Heads,6
24,Female,91.9,2019-04-19,Brown,Tails,4
26,Female,79.7,2019-04-19,Green,Heads,4
43,Male,84.8,2019-04-19,Blue,Heads,2
32,Male,85.5,2019-04-19,Blue,Tails,2
75,Male,82.4,2019-04-19,Brown,Tails,4
32,Male,88.6,2019-04-19,Blue,Tails,2
83,Male,96.5,2019-04-19,Hazel,Tails,6
21,Male,85.4,2019-04-19,Blue,Heads,2
67,Female,94.9,2019-04-19,Brown,Heads,
22,Female,90.9,2019-04-19,Brown,,3
21,Female,87.3,2019-04-19,Hazel,Heads,3
41,Male,78.3,2019-04-19,Brown,Heads,4
70,Female,85.2,2019-04-19,Blue,Heads,4
79,Female,83.7,2019-04-19,Blue,Heads,3
28,Female,85.1,2019-04-19,Hazel,Tails,6
71,Female,,2019-04-19,Blue,Heads,2
68,Female,90.9,2019-04-19,Brown,Tails,6
20,Male,89.1,2019-04-19,Brown,Heads,3
62,Female,91.3,2019-04-19,Blue,Tails,4
47,Female,93.3,2019-04-19,Blue,Tails,3
74,Male,88.1,2019-04-19,Green,Tails,2
51,Male,84.7,2019-04-19,Brown,Tails,3
48,Female,90.1,2019-04-19,Blue,Heads,3
38,Female,91.1,2019-04-19,Blue,Heads,6
69,Female,,2019-04-19,Brown,Heads,1
22,Female,86.8,2019-04-19,Blue,Tails,2
67,Female,84,2019-04-19,Green,Tails,4
46,Female,93.2,2019-04-19,Brown,Tails,3
80,Male,,2019-04-19,Brown,Heads,3
66,Male,88.9,2019-04-19,Brown,Tails,3
25,Female,83.2,2019-04-19,Blue,Tails,
53,Male,91.2,2019-04-19,Brown,Tails,
71,Female,84.9,2019-04-19,Green,Heads,4
87,Male,84.2,2019-04-19,Brown,Tails,5
19,Female,91.6,2019-04-19,Hazel,Tails,6
71,Male,87.7,2019-04-19,Blue,Tails,3
,Male,86.7,2019-04-19,Brown,Tails,1
79,Female,89.4,2019-04-19,Brown,Tails,2
42,Female,81.1,2019-04-19,Blue,Heads,2
50,Female,93.6,2019-04-19,Brown,Heads,3
78,Male,87.6,2019-04-19,Brown,Heads,1
87,Male,85.7,2019-04-19,Blue,Tails,2
74,Female,85.5,2019-04-19,Gray,Tails,3
61,Male,91.6,2019-04-19,Hazel,Heads,3
60,Male,84.8,2019-04-19,Brown,Heads,4
67,Male,91.7,2019-04-19,Brown,Heads,3
72,Female,82.6,2019-04-19,Brown,Tails,3
55,Male,81.5,2019-04-19,Green,Heads,1
,Male,82.6,2019-04-19,Blue,Heads,2
83,Male,88.8,2019-04-19,Green,Heads,4
,Female,90,2019-04-19,Brown,Tails,1
24,Male,86.6,2019-04-19,Brown,Heads,6
62,Male,83.4,2019-04-19,Brown,Tails,1
22,Female,95.6,2019-04-19,Blue,Tails,5
,Female,84.7,2019-04-19,Brown,Heads,
26,Female,93.5,2019-04-19,Brown,Tails,2
41,Female,,2019-04-19,Brown,Heads,5
73,Female,88.8,2019-04-19,Brown,Tails,2
74,Male,92,2019-04-19,Blue,Tails,6
83,Female,83,2019-04-19,Brown,Heads,2
44,Female,82.6,2019-04-19,Gray,Heads,2
29,Male,97.5,2019-04-19,Brown,Tails,3
85,Male,90.1,2019-04-19,Blue,,6
81,Male,84.9,2019-04-19,Blue,Heads,6
21,Female,93.4,2019-04-19,Blue,Tails,5
37,Male,91.1,2019-04-19,Blue,Tails,3
57,Female,83.8,2019-04-19,Brown,Heads,3
32,Male,92.1,2019-04-19,Brown,Tails,1
60,Male,88.5,2019-04-19,Green,Heads,2
,Male,90.7,2019-04-19,Brown,Heads,4
70,Male,84.9,2019-04-19,Green,Heads,3
39,Male,83.8,2019-04-19,Green,Tails,2
45,Female,83.2,2019-04-19,Brown,Heads,
49,Male,87.4,2019-04-19,Blue,Heads,6
37,Female,78.5,2019-04-19,Brown,,6
65,Female,86.4,2019-04-19,Blue,Heads,1
51,Female,87.2,2019-04-19,Brown,Tails,4
,Female,82.7,2019-04-19,Blue,Heads,1
,Male,86.9,2019-04-19,Brown,Heads,2
68,Male,83.6,2019-04-19,Brown,Heads,
39,Male,87.9,2019-04-19,Hazel,Heads,
18,Female,95.6,2019-04-19,Blue,Tails,1
,Female,92.3,2019-04-19,Brown,Heads,2
39,Male,91.6,2019-04-19,Green,Heads,2
56,Female,86.9,2019-04-19,Brown,Heads,3
32,Male,88.8,2019-04-19,Brown,Heads,6
69,Female,92.5,2019-04-19,Brown,Tails,1
48,Male,81.5,2019-04-19,Brown,Heads,3
19,Female,95.1,2019-04-19,Brown,Tails,5
18,Male,87.4,2019-04-19,Brown,Heads,1
26,Female,85,2019-04-19,Brown,Heads,4
44,Male,,2019-04-19,Brown,Heads,2
59,Female,87.3,2019-04-19,Blue,Heads,5
86,Female,82.2,2019-04-19,Green,Tails,4
32,Female,86.4,2019-04-19,Brown,Heads,5
23,Female,85.9,2019-04-19,Blue,Tails,3
19,Female,95.6,2019-04-19,Blue,Heads,
51,Male,,2019-04-19,Blue,Heads,2
29,Male,92.5,2019-04-19,Brown,Tails,4
20,Female,86.3,2019-04-19,Brown,Tails,3
70,Female,88.7,2019-04-19,Brown,Tails,3
58,Male,97.1,2019-04-19,Green,Heads,1
87,Male,85.5,2019-04-19,Brown,Heads,4
31,Female,93.3,2019-04-19,Gray,Heads,2
34,Male,84.8,2019-04-19,Blue,Tails,4
72,Male,95.8,2019-04-19,Brown,Heads,
24,Male,,2019-04-19,Blue,Heads,4
45,Female,86.4,2019-04-19,Brown,Tails,3
21,Male,84,2019-04-19,Blue,Tails,6
66,Female,90.4,2019-04-19,Brown,Tails,3
28,Male,91.6,2019-04-19,Brown,Heads,2
25,Female,86.1,2019-04-19,Brown,Tails,6
80,Female,85.1,2019-04-19,Brown,Tails,5
28,Male,80.3,2019-04-19,Brown,Tails,1
63,Female,87.5,2019-04-19,Hazel,Heads,6
19,Male,,2019-04-19,Gray,Heads,2
49,Male,87.1,2019-04-19,Green,Tails,2
43,Male,87.7,2019-04-19,Blue,Tails,4
48,Female,94.1,2019-04-19,Hazel,Heads,3
23,Male,94.8,2019-04-19,Green,Tails,2
30,Female,82.4,2019-04-19,Brown,Heads,5
19,Male,97,2019-04-19,Brown,Heads,3
83,Female,93.3,2019-04-19,Hazel,Tails,2
23,Female,90.1,2019-04-19,Green,Tails,6
26,Female,84.5,2019-04-19,Brown,Heads,1
49,Male,84.3,2019-04-19,Blue,Tails,3
88,Female,92.1,2019-04-19,Blue,Tails,3
62,Male,83.5,2019-04-19,Green,Tails,4
86,Male,90,2019-04-19,Brown,Tails,4
29,Female,88.7,2019-04-19,Blue,Heads,4
29,Male,89.3,2019-04-19,Brown,Heads,2
52,Female,86.2,2019-04-19,Blue,Tails,1
54,Male,83.7,2019-04-19,Blue,Heads,4
89,Female,81.8,2019-04-19,Brown,Tails,1
41,Male,92.6,2019-04-19,Brown,Tails,5
44,Female,,2019-04-19,Blue,Tails,6
28,Female,82.2,2019-04-19,Blue,Tails,1
62,Male,,2019-04-19,Blue,Tails,5
67,Female,,2019-04-19,Blue,Heads,6
29,Male,88.4,2019-04-19,Hazel,Heads,4
76,Female,85.1,2019-04-19,Brown,Tails,5
41,Female,94.3,2019-04-19,Green,Heads,4
30,Male,,2019-04-19,Blue,Heads,
68,Female,91.9,2019-04-19,Blue,Heads,5
30,Female,84.8,2019-04-19,Blue,Tails,1
80,Female,86.2,2019-04-19,Blue,Heads,1
84,Male,85.4,2019-04-19,Brown,Heads,
32,Male,84.9,2019-04-19,Brown,Heads,2
20,Female,87.9,2019-04-19,Blue,Tails,4
37,Male,99.7,2019-04-19,Green,Tails,1
31,Male,85.8,2019-04-19,Blue,Heads,6
58,Male,89.7,2019-04-19,Hazel,Heads,2
,Male,89.5,2019-04-19,Blue,Tails,1
19,Female,88.3,2019-04-19,Brown,Heads,5
73,Male,86.9,2019-04-19,Brown,Heads,3
78,Male,92.4,2019-04-19,Blue,,2
45,Male,91.4,2019-05-19,Brown,Heads,
80,Male,87,2019-05-19,Blue,Tails,5
,Female,85.2,2019-05-19,Blue,Heads,
18,Female,95.1,2019-05-19,Blue,Heads,3
80,Male,87.5,2019-05-19,Blue,Tails,
29,Male,96.1,2019-05-19,Green,Heads,6
53,Male,86.6,2019-05-19,Hazel,Heads,3
30,Male,,2019-05-19,Blue,Heads,5
78,Female,84.8,2019-05-19,Blue,Tails,1
82,Male,93.4,2019-05-19,Brown,Tails,
72,Female,93.5,2019-05-19,Brown,Tails,2
39,Female,,2019-05-19,Green,Heads,1
80,Female,94.1,2019-05-19,Blue,Heads,2
28,Male,90.2,2019-05-19,Hazel,Tails,2
84,Female,83.8,2019-05-19,Brown,Tails,2
29,Male,91.2,2019-05-19,Green,Tails,
36,Female,94.3,2019-05-19,Blue,Tails,3
83,Male,90.4,2019-05-19,Blue,Heads,3
25,Female,85,2019-05-19,Hazel,Heads,1
29,Female,87.7,2019-05-19,Blue,Tails,1
60,Male,85.1,2019-05-19,Blue,Heads,4
38,Male,94.8,2019-05-19,Green,Heads,1
72,Male,89.6,2019-05-19,Green,Tails,5
74,Male,96.1,2019-05-19,Blue,Heads,2
32,Male,85.7,2019-05-19,Blue,Heads,6
64,Female,90.3,2019-05-19,Brown,Tails,3
54,Female,90.3,2019-05-19,Brown,Heads,5
19,Male,87.9,2019-05-19,Blue,Heads,3
36,Female,89.6,2019-05-19,Brown,Heads,6
57,Male,93.1,2019-05-19,Brown,Heads,1
67,Female,90,2019-05-19,Brown,Tails,6
67,Female,86.1,2019-05-19,Brown,Tails,4
49,Female,88.2,2019-05-19,Blue,Heads,3
67,Male,89,2019-05-19,Blue,Heads,1
31,Male,85.5,2019-05-19,Brown,Tails,6
34,Male,,2019-05-19,Brown,Heads,5
78,Male,90.5,2019-05-19,Blue,Tails,5
59,Male,93.9,2019-05-19,Blue,Heads,6
,Male,91.3,2019-05-19,Blue,Heads,5
80,Female,84.3,2019-05-19,Brown,Heads,6
65,Male,89.1,2019-05-19,Blue,Tails,6
30,Male,86.5,2019-05-19,Blue,Heads,
81,Female,81.8,2019-05-19,Brown,Heads,1
71,Male,99.3,2019-05-19,Green,Heads,3
37,Female,87.9,2019-05-19,Green,Heads,3
86,Female,89.9,2019-05-19,Blue,Tails,
67,Male,85.9,2019-05-19,Blue,Tails,4
36,Female,90.9,2019-05-19,Brown,Heads,1
39,Male,84.2,2019-05-19,Brown,Tails,4
70,Female,89.3,2019-05-19,Hazel,Heads,4
28,Male,81.7,2019-05-19,Green,Heads,6
43,Male,85.9,2019-05-19,Brown,Tails,4
34,Male,90,2019-05-19,Blue,Heads,1
52,Male,82.2,2019-05-19,Brown,Heads,5
53,Male,91.5,2019-05-19,Brown,,1
56,Male,90.2,2019-05-19,Brown,Heads,1
69,Female,84.5,2019-05-19,Blue,Heads,4
70,Female,83,2019-05-19,Brown,Tails,4
51,Female,86,2019-05-19,Brown,Tails,6
52,Female,90.7,2019-05-19,Brown,Heads,6
75,Female,95.8,2019-05-19,Brown,Tails,6
78,Male,91.7,2019-05-19,Brown,Heads,1
53,Male,85.4,2019-05-19,Hazel,Heads,4
,Female,,2019-05-19,Brown,Tails,6
85,Male,85.2,2019-05-19,Brown,Tails,
25,Male,76.6,2019-05-19,Brown,Heads,6
71,Female,86.6,2019-05-19,Green,Heads,3
33,Female,96,2019-05-19,Brown,Heads,1
18,Female,89.4,2019-05-19,Gray,Heads,4
22,Female,88.9,2019-05-19,Brown,,3
31,Female,90,2019-05-19,Green,Heads,4
18,Male,91.2,2019-05-19,Brown,Tails,
70,Female,83,2019-05-19,Blue,Heads,2
,Female,83.9,2019-05-19,Gray,Heads,6
69,Female,89.6,2019-05-19,Hazel,Tails,6
87,Female,94,2019-05-19,Blue,Tails,6
,Female,90.1,2019-05-19,Blue,Tails,3
66,Male,90.9,2019-05-19,Hazel,Tails,1
85,Female,,2019-05-19,Brown,Tails,3
41,Female,86.5,2019-05-19,Blue,Heads,4
51,Male,89.2,2019-05-19,Blue,Tails,1
84,Male,,2019-05-19,Brown,Heads,5
75,Female,89.7,2019-05-19,Green,Tails,6
55,Male,92.5,2019-05-19,Blue,Heads,2
88,Female,,2019-05-19,Blue,Heads,3
44,Male,82.5,2019-05-19,Blue,Tails,1
86,Male,88.8,2019-05-19,Brown,Heads,
,Male,84.6,2019-05-19,Blue,,4
44,Female,89.6,2019-05-19,Hazel,Heads,3
28,Male,86.8,2019-05-19,Green,Tails,4
27,Female,85.2,2019-05-19,Green,Heads,6
64,Female,88.4,2019-05-19,Blue,Heads,5
73,Female,95.5,2019-05-19,Brown,Tails,3
63,Female,92.7,2019-05-19,Blue,Heads,3
64,Male,,2019-05-19,Blue,Tails,6
,Female,88.3,2019-05-19,Hazel,Tails,6
57,Female,85.5,2019-05-19,Hazel,,1
24,Male,94.2,2019-05-19,Green,Heads,
63,Male,84.4,2019-05-19,Green,Heads,1
70,Female,96.3,2019-05-19,Gray,Heads,4
60,Male,88.2,2019-05-19,Brown,Heads,4
48,Male,,2019-05-19,Brown,Tails,6
46,Female,89,2019-05-19,Brown,Heads,2
59,Male,93,2019-05-19,Hazel,Heads,6
77,Male,86.1,2019-05-19,Brown,Tails,4
79,Female,88.3,2019-05-19,Brown,Heads,1
67,Male,93.5,2019-05-19,Blue,Tails,6
,Male,89.8,2019-05-19,Hazel,Tails,6
40,Female,88.9,2019-05-19,Brown,Heads,4
26,Male,86.3,2019-05-19,Blue,Heads,5
27,Female,87.4,2019-05-19,Blue,Tails,6
32,Female,82,2019-05-19,Green,,1
26,Male,87.3,2019-05-19,Brown,Heads,4
19,Male,89.4,2019-05-19,Green,Heads,6
29,Male,88.3,2019-05-19,Brown,Tails,4
38,Male,84.9,2019-05-19,Blue,Heads,5
53,Female,88.1,2019-05-19,Brown,,4
84,Male,87.4,2019-05-19,Brown,Heads,
29,Female,87.4,2019-05-19,Brown,Heads,4
78,Male,87,2019-05-19,Brown,Tails,4
,Male,89.2,2019-05-19,Green,Tails,2
39,Male,88.8,2019-05-19,Brown,Tails,5
45,Male,83.3,2019-05-19,Hazel,Tails,2
39,Male,82.2,2019-05-19,Brown,Heads,3
45,Male,87.9,2019-05-19,Brown,Tails,5
70,Female,84.3,2019-05-19,Brown,Heads,3
36,Male,94.3,2019-05-19,Blue,Heads,6
84,Female,91.9,2019-05-19,Brown,Tails,6
82,Female,92.5,2019-05-19,Brown,Heads,2
48,Male,,2019-05-19,Green,Tails,2
43,Female,90.2,2019-05-19,Brown,Tails,6
78,Male,85.9,2019-05-19,Green,Heads,2
69,Male,97.6,2019-05-19,Green,Heads,3
67,Male,85,2019-05-19,Blue,Heads,1
56,Female,88.9,2019-05-19,Brown,Tails,1
61,Female,88.5,2019-05-19,Green,Tails,6
61,Male,88.5,2019-05-19,Brown,Heads,1
45,Female,89.9,2019-05-19,Blue,Tails,2
76,Male,91,2019-05-19,Blue,Heads,2
66,Female,,2019-05-19,Blue,,3
75,Male,78.7,2019-05-19,Blue,Tails,1
38,Male,87,2019-05-19,Blue,Heads,3
22,Male,91.5,2019-05-19,Gray,Heads,5
40,Male,89,2019-05-19,Hazel,Tails,3
25,Female,94.8,2019-05-19,Brown,Heads,5
61,Male,89.2,2019-05-19,Brown,Tails,4
52,Male,82.8,2019-05-19,Hazel,Tails,1
51,Female,95.8,2019-05-19,Green,Tails,5
33,Male,85.1,2019-05-19,Blue,Tails,2
63,Male,95.9,2019-05-19,Blue,Tails,5
40,Male,87.1,2019-05-19,Brown,Tails,4
62,Female,,2019-05-19,Brown,Heads,3
68,Male,86,2019-05-19,Green,,1
81,Female,90.3,2019-05-19,Blue,Tails,6
31,Male,86.7,2019-05-19,Blue,Heads,5
68,Female,91.6,2019-05-19,Gray,Heads,2
61,Female,92.2,2019-05-19,Blue,Heads,2
47,Female,86.9,2019-05-19,Brown,,1
81,Male,,2019-05-19,Hazel,Heads,6
50,Male,96.8,2019-05-19,Green,,5
35,Male,86,2019-05-19,Blue,Heads,1
88,Male,85.4,2019-05-19,Brown,Tails,3
79,Male,81.9,2019-05-19,Brown,Heads,4
28,Male,86.2,2019-05-19,Hazel,Heads,1
62,Male,85.6,2019-05-19,Gray,Heads,
37,Female,,2019-05-19,Brown,Heads,5
47,Male,89.6,2019-05-19,Blue,Tails,4
52,Male,86.2,2019-05-19,Brown,Tails,4
18,Female,86.8,2019-05-19,Green,Tails,2
,Female,89.8,2019-05-19,Brown,Heads,3
30,Male,86.4,2019-05-19,Green,Heads,2
53,Female,86.5,2019-05-19,Green,Tails,5
82,Male,89.4,2019-05-19,Blue,Heads,1
77,Male,87.2,2019-05-19,Green,Tails,2
44,Female,94.8,2019-05-19,Brown,Heads,4
24,Male,89.3,2019-05-19,Brown,Tails,2
68,Male,84.6,2019-05-19,Gray,Heads,3
38,Female,89.1,2019-05-19,Brown,Heads,5
71,Male,85.4,2019-05-19,Blue,Heads,2
62,Female,89.6,2019-05-19,Brown,Heads,5
46,Male,90.4,2019-05-19,Brown,Heads,4
72,Male,,2019-05-19,Brown,Heads,4
38,Female,89.8,2019-05-19,Blue,Tails,
62,Male,88.7,2019-05-19,Brown,Tails,1
26,Female,90,2019-05-19,Brown,Heads,
49,Male,94.9,2019-05-19,Brown,Tails,3
71,Female,89.2,2019-05-19,Hazel,Heads,5
81,Male,98.3,2019-05-19,Blue,Tails,6
45,Male,91.2,2019-05-19,Green,Tails,1
59,Female,89.5,2019-05-19,Blue,Tails,4
51,Female,90.2,2019-05-19,Brown,Heads,2
18,Female,89.5,2019-05-19,Blue,Tails,2
55,Male,93.2,2019-05-19,Brown,Tails,1
18,Male,88.9,2019-05-19,Brown,Tails,2
21,Male,94,2019-05-19,Blue,Heads,5
68,Male,90.8,2019-05-19,Brown,Heads,2
68,Male,90.1,2019-05-19,Blue,Tails,1
37,Male,91.1,2019-05-19,Brown,Heads,5
41,Male,82.9,2019-05-19,Brown,Tails,2
42,Male,84.5,2019-05-19,Hazel,Tails,1
51,Male,,2019-05-19,Gray,Tails,1
50,Male,86.2,2019-06-19,Green,Heads,2
73,Male,91.5,2019-06-19,Hazel,Heads,1
81,Male,90.8,2019-06-19,Brown,Tails,2
29,Female,81,2019-06-19,Brown,Heads,1
51,Female,80.6,2019-06-19,Green,Heads,6
25,Female,88.9,2019-06-19,Hazel,Heads,2
52,Female,86.2,2019-06-19,Green,Tails,1
57,Female,,2019-06-19,Green,Heads,5
33,Female,92.6,2019-06-19,Blue,Tails,2
63,Male,80.4,2019-06-19,Brown,Tails,4
,Male,,2019-06-19,Blue,Tails,2
67,Male,79.7,2019-06-19,Blue,Heads,3
20,Female,90.4,2019-06-19,Blue,Heads,6
53,Male,86.1,2019-06-19,Brown,,1
26,Female,86.8,2019-06-19,Green,Heads,5
37,Female,85.9,2019-06-19,Hazel,Tails,6
23,Female,86.5,2019-06-19,Blue,Heads,3
51,Male,94.1,2019-06-19,Brown,Heads,6
62,Male,90.6,2019-06-19,Green,Heads,2
39,Female,90.2,2019-06-19,Brown,Tails,4
39,Female,84.9,2019-06-19,Blue,Tails,6
60,Female,94,2019-06-19,Brown,Tails,1
50,Male,81.3,2019-06-19,Brown,Tails,5
88,Female,91.1,2019-06-19,Green,Heads,6
25,Male,94.8,2019-06-19,Green,Heads,4
51,Female,,2019-06-19,Gray,Tails,2
40,Male,85.9,2019-06-19,Blue,Tails,6
61,Female,87.8,2019-06-19,Brown,Tails,6
27,Male,86.3,2019-06-19,Brown,Heads,4
32,Male,89.2,2019-06-19,Blue,Tails,3
29,Female,87.7,2019-06-19,Blue,Heads,
88,Female,83.3,2019-06-19,Hazel,Tails,2
52,Male,81.1,2019-06-19,Gray,,2
39,Female,90,2019-06-19,Blue,Tails,1
46,Male,85.9,2019-06-19,Brown,Tails,1
,Female,93.1,2019-06-19,Green,Heads,3
73,Male,82.7,2019-06-19,Brown,Heads,3
65,Female,80.8,2019-06-19,Green,Heads,4
59,Female,90.4,2019-06-19,Green,Heads,3
86,Male,88.1,2019-06-19,Brown,Tails,4
72,Male,90.5,2019-06-19,Green,Heads,2
64,Male,83.1,2019-06-19,Gray,Tails,6
84,Male,88.7,2019-06-19,Blue,Tails,3
30,Female,92.6,2019-06-19,Blue,Tails,2
25,Female,79.8,2019-06-19,Blue,Heads,5
38,Female,89.6,2019-06-19,Brown,Tails,3
41,Male,80.1,2019-06-19,Brown,Tails,2
28,Male,88.4,2019-06-19,Brown,Tails,
70,Male,83.2,2019-06-19,Brown,Heads,6
,Male,83.6,2019-06-19,Gray,Heads,6
51,Female,88.9,2019-06-19,Hazel,Heads,5
59,Male,87.1,2019-06-19,Blue,Tails,3
72,Male,83.2,2019-06-19,Green,Tails,1
89,Female,84.6,2019-06-19,Hazel,Tails,6
34,Female,92.1,2019-06-19,Green,Tails,1
44,Female,87.9,2019-06-19,Brown,Tails,
45,Male,89.9,2019-06-19,Brown,Heads,6
76,Male,90.4,2019-06-19,Blue,Tails,4
79,Female,86.7,2019-06-19,Hazel,Tails,3
65,Male,90.9,2019-06-19,Blue,Tails,6
83,Female,87.2,2019-06-19,Blue,Heads,4
18,Male,88.7,2019-06-19,Brown,Heads,4
61,Male,96.9,2019-06-19,Brown,Tails,4
71,Female,,2019-06-19,Brown,Tails,3
,Female,85,2019-06-19,Brown,Tails,2
30,Female,86.8,2019-06-19,Blue,Tails,6
78,Male,81.3,2019-06-19,Brown,Tails,5
32,Male,85.2,2019-06-19,Brown,Tails,2
60,Male,89,2019-06-19,Brown,Heads,4
67,Male,88.4,2019-06-19,Green,Tails,4
57,Male,87.7,2019-06-19,Blue,Tails,5
43,Female,85.5,2019-06-19,Brown,Tails,2
68,Male,87.4,2019-06-19,Green,Tails,5
28,Male,95,2019-06-19,Blue,Tails,
18,Male,,2019-06-19,Brown,Tails,3
,Male,85,2019-06-19,Blue,Heads,1
74,Female,86.3,2019-06-19,Blue,Heads,3
55,Male,90.3,2019-06-19,Green,Heads,5
58,Male,91,2019-06-19,Hazel,Heads,2
19,Female,94.2,2019-06-19,Brown,Heads,5
32,Female,86.7,2019-06-19,Green,Tails,2
22,Male,88.8,2019-06-19,Blue,Tails,2
87,Male,90.7,2019-06-19,Brown,Heads,2
52,Female,89.6,2019-06-19,Blue,Heads,4
87,Female,87.2,2019-06-19,Brown,Tails,2
27,Male,87.1,2019-06-19,Green,Heads,6
36,Male,89.2,2019-06-19,Gray,Heads,2
66,Male,84.9,2019-06-19,Green,Heads,2
21,Male,89,2019-06-19,Brown,Heads,3
32,Female,93.2,2019-06-19,Brown,Heads,1
38,Male,81.2,2019-06-19,Blue,Heads,
19,Female,97.5,2019-06-19,Brown,Tails,4
73,Female,90.3,2019-06-19,Brown,Heads,1
35,Male,87.8,2019-06-19,Hazel,Tails,2
39,Female,89.9,2019-06-19,Blue,Tails,3
35,Female,86.5,2019-06-19,Brown,Tails,4
29,Male,82.1,2019-06-19,Blue,Tails,5
67,Female,83.7,2019-06-19,Green,Heads,2
42,Male,84.2,2019-06-19,Blue,Heads,
36,Male,83.9,2019-06-19,Blue,Tails,5
49,Male,83.2,2019-06-19,Blue,Tails,6
50,Female,78.1,2019-06-19,Brown,Heads,1
88,Male,92.1,2019-06-19,Blue,Tails,4
29,Male,,2019-06-19,Brown,Tails,
78,Female,87.6,2019-06-19,Blue,Tails,2
66,Male,90.3,2019-06-19,Blue,Tails,3
48,Female,85.7,2019-06-19,Blue,,5
40,Female,87.2,2019-06-19,Blue,Tails,3
78,Male,86.8,2019-06-19,Green,,2
18,Female,85.1,2019-06-19,Blue,Tails,5
68,Male,84.5,2019-06-19,Brown,Tails,6
69,Male,86.9,2019-06-19,Brown,Heads,2
60,Male,95,2019-06-19,Brown,Heads,2
79,Male,94.8,2019-06-19,Blue,Tails,3
67,Female,85.9,2019-06-19,Blue,Heads,1
54,Female,89.6,2019-06-19,Blue,Tails,3
70,Male,86.6,2019-06-19,Brown,Tails,5
73,Male,87.2,2019-06-19,Brown,Heads,1
78,Male,87.2,2019-06-19,Hazel,Tails,4
29,Female,83.2,2019-06-19,Green,Heads,2
,Female,93.3,2019-06-19,Brown,Tails,4
89,Male,87.1,2019-06-19,Brown,Heads,4
85,Male,94.2,2019-06-19,Brown,Heads,5
34,Female,87.2,2019-06-19,Hazel,Tails,6
,Female,,2019-06-19,Gray,Heads,
47,Female,93.1,2019-06-19,Blue,Tails,4
44,Male,,2019-06-19,Blue,Heads,6
64,Female,87.6,2019-06-19,Green,Heads,1
,Male,86.4,2019-06-19,Blue,Tails,2
42,Female,85.5,2019-06-19,Hazel,Heads,6
75,Male,82.2,2019-06-19,Green,Tails,6
56,Male,93.7,2019-06-19,Brown,Tails,2
89,Male,87.6,2019-06-19,Blue,Heads,3
19,Male,85.7,2019-06-19,Blue,Tails,4
45,Female,87.5,2019-06-19,Brown,Tails,4
23,Female,89.7,2019-06-19,Brown,Heads,1
48,Male,,2019-06-19,Hazel,Tails,4
35,Female,93.4,2019-06-19,Brown,Tails,4
19,Male,87.2,2019-06-19,Blue,Tails,
86,Male,90.3,2019-06-19,Blue,Tails,1
74,Male,88.4,2019-06-19,Blue,Heads,5
21,Female,90.9,2019-06-19,Brown,Heads,6
54,Female,90,2019-06-19,Blue,Heads,5
,Male,96,2019-06-19,Blue,Tails,4
68,Female,86.6,2019-06-19,Green,Heads,6
42,Female,89.6,2019-06-19,Brown,Tails,3
81,Male,82.9,2019-06-19,Brown,,4
,Male,75.9,2019-06-19,Blue,Tails,1
35,Female,88.3,2019-06-19,Green,Heads,5
47,Female,85.3,2019-06-19,Blue,Tails,3
86,Female,86,2019-06-19,Brown,Heads,6
40,Female,88.8,2019-06-19,Blue,Tails,5
86,Female,79.8,2019-06-19,Blue,Heads,6
55,Female,86.4,2019-06-19,Brown,Tails,3
33,Male,81.9,2019-06-19,Hazel,Heads,
84,Female,90.6,2019-06-19,Hazel,Tails,1
63,Female,89.7,2019-06-19,Green,Heads,6
83,Male,86.2,2019-06-19,Brown,Heads,4
68,Male,79.4,2019-06-19,Brown,Tails,6
61,Female,,2019-06-19,Gray,Tails,6
44,Female,90.4,2019-06-19,Green,,5
86,Female,84.9,2019-06-19,Brown,Heads,2
75,Male,83.6,2019-06-19,Blue,Heads,4
68,Female,79.9,2019-06-19,Brown,Tails,6
49,Female,88,2019-06-19,Brown,Tails,5
89,Male,91.5,2019-06-19,Blue,Heads,1
70,Female,96.7,2019-06-19,Hazel,Tails,6
24,Female,81.5,2019-06-19,Green,Tails,6
65,Male,91,2019-06-19,Green,,4
,Female,92.4,2019-06-19,Brown,Heads,5
25,Male,82.1,2019-06-19,Brown,Tails,2
19,Female,90,2019-06-19,Brown,,3
35,Female,88.4,2019-06-19,Hazel,Heads,4
31,Male,91.2,2019-06-19,Brown,Heads,1
84,Male,85.1,2019-06-19,Blue,Tails,5
66,Male,87.5,2019-06-19,Brown,Heads,6
41,Female,91.1,2019-06-19,Gray,Tails,6
46,Female,87.4,2019-06-19,Brown,Tails,6
61,Male,92,2019-06-19,Hazel,Tails,5
45,Male,89.6,2019-06-19,Blue,Heads,2
82,Female,93.8,2019-06-19,Brown,Tails,5
70,Female,98.7,2019-06-19,Hazel,Heads,2
18,Male,76.3,2019-06-19,Brown,Tails,2
59,Female,82.9,2019-06-19,Brown,Heads,5
32,Female,87.4,2019-06-19,Hazel,Heads,3
60,Female,,2019-06-19,Blue,Heads,4
80,Male,87.2,2019-06-19,Green,Heads,3
60,Male,86.2,2019-06-19,Brown,Heads,3
64,Female,90.9,2019-06-19,Brown,Tails,4
63,Female,93.7,2019-06-19,Brown,Heads,4
60,Male,87.4,2019-06-19,Gray,Heads,5
,Male,87.8,2019-06-19,Green,Heads,2
78,Female,81.3,2019-06-19,Brown,Heads,4
58,Male,85.3,2019-06-19,Blue,Heads,1
52,Male,,2019-06-19,Blue,Tails,6
27,Male,85.4,2019-06-19,Blue,Heads,5
68,Male,85.1,2019-06-19,Hazel,Tails,4
30,Female,91.6,2019-06-19,Green,Tails,1
76,Female,88.1,2019-06-19,Blue,Tails,3
46,Female,90,2019-06-19,Brown,,3
58,Male,79.1,2019-06-19,Brown,Heads,1
60,Female,87.5,2019-06-19,Green,Heads,
84,Male,84.7,2019-06-19,Brown,Tails,4
26,Male,82.5,2019-06-19,Green,Tails,2
34,Male,86.3,2019-06-19,Brown,Tails,6
22,Male,94.3,2019-06-19,Blue,Tails,
29,Female,,2019-06-19,Brown,,1
77,Male,91.6,2019-07-19,Brown,Heads,4
18,Male,93.8,2019-07-19,Brown,,6
20,Male,83.4,2019-07-19,Brown,Tails,5
87,Male,85.3,2019-07-19,Blue,Heads,5
37,Female,88,2019-07-19,Blue,Heads,
88,Female,81.3,2019-07-19,Blue,Tails,3
59,Female,80.4,2019-07-19,Brown,Tails,3
39,Female,88.1,2019-07-19,Blue,Tails,1
63,Male,83.6,2019-07-19,Brown,Heads,1
65,Female,88.1,2019-07-19,Green,Tails,6
33,Male,87.5,2019-07-19,Blue,Heads,3
52,Female,93.8,2019-07-19,Green,Tails,2
77,Female,91.6,2019-07-19,Brown,Heads,6
54,Female,91.6,2019-07-19,Blue,Heads,1
85,Male,81.7,2019-07-19,Green,Heads,3
74,Male,92.5,2019-07-19,Brown,Tails,4
63,Female,85.1,2019-07-19,Blue,Heads,5
89,Male,93.7,2019-07-19,Blue,Tails,2
51,Male,,2019-07-19,Green,Heads,3
82,Female,94.8,2019-07-19,Brown,Heads,5
32,Female,84.2,2019-07-19,Hazel,Heads,5
82,Female,84.5,2019-07-19,Blue,Tails,3
37,Male,86.2,2019-07-19,Hazel,Heads,3
60,Female,88,2019-07-19,Green,Heads,3
79,Female,86.3,2019-07-19,Brown,Heads,3
60,Male,92,2019-07-19,Gray,Heads,1
22,Female,91.7,2019-07-19,Blue,Tails,1
75,Female,89.9,2019-07-19,Brown,Tails,5
67,Male,83.7,2019-07-19,Green,Heads,5
48,Female,85.8,2019-07-19,Brown,Heads,3
27,Male,80.1,2019-07-19,Gray,Tails,3
41,Female,92.1,2019-07-19,Brown,Heads,6
66,Female,88.4,2019-07-19,Brown,Tails,5
62,Female,85.6,2019-07-19,Blue,Heads,6
80,Male,86.5,2019-07-19,Green,Heads,2
75,Female,86,2019-07-19,Blue,Tails,6
47,Female,86.1,2019-07-19,Green,Tails,1
44,Female,88.5,2019-07-19,Blue,Tails,2
37,Female,92.4,2019-07-19,Blue,Tails,1
41,Female,86.9,2019-07-19,Blue,Tails,2
44,Male,89.8,2019-07-19,Gray,Heads,2
66,Female,82.5,2019-07-19,Brown,Heads,2
29,Male,88.3,2019-07-19,Brown,Tails,2
78,Female,90.5,2019-07-19,Blue,Heads,1
71,Male,83.7,2019-07-19,Blue,Heads,6
22,Female,89.4,2019-07-19,Blue,Tails,4
48,Female,90.5,2019-07-19,Green,Heads,2
83,Male,83.6,2019-07-19,Hazel,Tails,6
41,Female,87.7,2019-07-19,Brown,Tails,3
67,Female,94,2019-07-19,Brown,Tails,1
27,Female,81.6,2019-07-19,Blue,Tails,2
31,Male,84,2019-07-19,Blue,,4
66,Female,89.9,2019-07-19,Brown,Tails,2
53,Female,85.9,2019-07-19,Brown,Heads,2
80,Female,87,2019-07-19,Hazel,Tails,3
82,Male,85.4,2019-07-19,Hazel,,5
26,Female,82.9,2019-07-19,Brown,Heads,3
21,Female,82.9,2019-07-19,Blue,Tails,5
,Male,84.2,2019-07-19,Gray,Heads,6
19,Male,83.5,2019-07-19,Brown,Heads,5
81,Female,87.4,2019-07-19,Blue,Heads,6
76,Female,91.4,2019-07-19,Blue,Heads,3
,Female,92.1,2019-07-19,Brown,Tails,4
47,Male,88.6,2019-07-19,Brown,,2
23,Male,88.1,2019-07-19,Brown,Heads,4
55,Male,84.4,2019-07-19,Hazel,Tails,6
22,Male,86.5,2019-07-19,Blue,Tails,2
60,Male,87.5,2019-07-19,Green,Heads,
78,Female,83.5,2019-07-19,Blue,Heads,
62,Male,85,2019-07-19,Green,Heads,3
35,Male,94.4,2019-07-19,Brown,Heads,3
27,Female,87.5,2019-07-19,Brown,Heads,5
77,Male,84.2,2019-07-19,Brown,Heads,3
25,Male,99,2019-07-19,Brown,Heads,6
48,Female,87.2,2019-07-19,Brown,Heads,1
87,Male,90.4,2019-07-19,Brown,Heads,1
30,Female,89.1,2019-07-19,Brown,Heads,
72,Male,86.9,2019-07-19,Brown,Tails,4
43,Male,86.2,2019-07-19,Blue,Tails,6
51,Male,87.1,2019-07-19,Blue,Heads,4
72,Female,95.9,2019-07-19,Brown,Heads,2
69,Male,92.8,2019-07-19,Blue,Heads,4
32,Female,83.1,2019-07-19,Brown,Heads,4
76,Male,81.5,2019-07-19,Blue,Tails,3
87,Female,87.2,2019-07-19,Blue,Tails,4
78,Female,93.4,2019-07-19,Brown,Tails,1
69,Male,88.2,2019-07-19,Blue,Tails,3
53,Male,88.5,2019-07-19,Blue,Heads,3
83,Male,89.8,2019-07-19,Brown,Heads,4
89,Female,88.3,2019-07-19,Green,Heads,6
37,Male,85.9,2019-07-19,Brown,Tails,
54,Female,,2019-07-19,Gray,Tails,1
,Male,92.5,2019-07-19,Brown,Heads,1
35,Female,89.2,2019-07-19,Hazel,Tails,
36,Female,87.3,2019-07-19,Brown,,3
48,Male,89.5,2019-07-19,Brown,Tails,5
18,Male,87.9,2019-07-19,Gray,Heads,4
55,Male,93.1,2019-07-19,Brown,Heads,3
88,Male,92.6,2019-07-19,Brown,Tails,2
74,Male,93,2019-07-19,Green,Tails,1
70,Female,88.2,2019-07-19,Gray,Heads,3
74,Female,96.8,2019-07-19,Green,Tails,2
58,Male,89.3,2019-07-19,Blue,Tails,1
24,Male,81.6,2019-07-19,Brown,Heads,3
65,Male,84.7,2019-07-19,Blue,Tails,6
45,Male,90.1,2019-07-19,Blue,Heads,3
55,Female,91.1,2019-07-19,Blue,Heads,3
82,Male,81.3,2019-07-19,Green,Tails,2
30,Male,81.9,2019-07-19,Green,Tails,5
36,Male,84.2,2019-07-19,Blue,Tails,6
63,Female,,2019-07-19,Blue,Heads,6
40,Female,84.6,2019-07-19,Brown,Heads,4
33,Male,93.4,2019-07-19,Gray,Tails,5
60,Male,84.6,2019-07-19,Hazel,Heads,5
39,Female,86.6,2019-07-19,Hazel,Tails,3
85,Male,86.5,2019-07-19,Gray,Tails,3
73,Male,90,2019-07-19,Green,Heads,4
49,Male,87.7,2019-07-19,Green,Heads,5
69,Male,86.2,2019-07-19,Brown,Tails,6
85,Male,84,2019-07-19,Brown,Tails,4
52,Male,88.7,2019-07-19,Blue,Heads,6
38,Male,84.9,2019-07-19,Blue,Heads,6
76,Male,95.5,2019-07-19,Green,Tails,2
76,Female,88.3,2019-07-19,Brown,Heads,3
34,Female,89.4,2019-07-19,Brown,Heads,2
52,Male,84.7,2019-07-19,Blue,Tails,6
18,Female,84,2019-07-19,Green,,
60,Male,82,2019-07-19,Brown,Tails,6
39,Female,87.3,2019-07-19,Blue,Tails,6
68,Male,80.8,2019-07-19,Green,Heads,4
22,Male,89.6,2019-07-19,Brown,Tails,4
42,Male,90,2019-07-19,Brown,Tails,4
51,Female,89.7,2019-07-19,Brown,Tails,5
83,Female,92.3,2019-07-19,Green,Heads,5
21,Male,85.7,2019-07-19,Gray,Heads,1
68,Female,88.8,2019-07-19,Hazel,Heads,
54,Male,88.7,2019-07-19,Green,Heads,5
40,Female,92.4,2019-07-19,Blue,Heads,2
19,Female,86.9,2019-07-19,Brown,Tails,1
27,Female,88.4,2019-07-19,Green,Heads,4
61,Female,86,2019-07-19,Brown,Tails,3
,Female,88.4,2019-07-19,Blue,Tails,
52,Male,87.7,2019-07-19,Blue,Heads,4
82,Male,87.2,2019-07-19,Green,,6
55,Female,84.9,2019-07-19,Green,Tails,3
18,Male,86.5,2019-07-19,Blue,Tails,6
38,Male,85.1,2019-07-19,Blue,Heads,3
86,Male,93,2019-07-19,Brown,Tails,4
85,Male,94.1,2019-07-19,Brown,Tails,4
59,Male,86.4,2019-07-19,Brown,Heads,2
64,Female,82.6,2019-07-19,Blue,Heads,3
,Male,89.4,2019-07-19,Green,Tails,4
50,Female,87.8,2019-07-19,Blue,Heads,4
22,Female,88.7,2019-07-19,Brown,Tails,3
33,Male,86.6,2019-07-19,Hazel,Tails,2
65,Male,86.5,2019-07-19,Brown,Tails,1
25,Male,93.5,2019-07-19,Brown,Heads,6
87,Male,92.7,2019-07-19,Hazel,Tails,6
48,Female,80.4,2019-07-19,Blue,Tails,3
71,Male,87.4,2019-07-19,Blue,Tails,6
23,Male,82.3,2019-07-19,Brown,Tails,5
62,Female,93,2019-07-19,Gray,Tails,2
59,Female,82.8,2019-07-19,Hazel,Heads,1
31,Female,84.9,2019-07-19,Blue,Tails,2
85,Female,93.4,2019-07-19,Brown,Tails,3
43,Male,90.8,2019-07-19,Blue,Heads,4
79,Male,85.3,2019-07-19,Brown,Tails,4
41,Female,90.7,2019-07-19,Blue,Heads,2
59,Male,87,2019-07-19,Brown,Heads,4
52,Female,93.3,2019-07-19,Brown,Tails,3
,Female,87.6,2019-07-19,Blue,Heads,4
36,Female,80.2,2019-07-19,Hazel,Heads,2
63,Male,88,2019-07-19,Brown,,2
76,Male,91.3,2019-07-19,Green,Tails,6
62,Female,89.3,2019-07-19,Green,Tails,2
89,Male,96.1,2019-07-19,Brown,Heads,6
62,Male,,2019-07-19,Blue,Tails,4
74,Male,90.8,2019-07-19,Brown,Heads,2
77,Male,92,2019-07-19,Green,Heads,3
21,Male,83.8,2019-07-19,Blue,Heads,2
84,Male,89,2019-07-19,Hazel,Heads,2
83,Male,86.8,2019-07-19,Brown,Tails,4
41,Female,92.4,2019-07-19,Brown,Heads,3
68,Female,95.2,2019-07-19,Blue,Tails,5
33,Male,85.9,2019-07-19,Brown,Heads,1
56,Male,89.8,2019-07-19,Blue,Tails,6
43,Female,83.2,2019-07-19,Blue,Heads,4
62,Female,95.3,2019-07-19,Brown,Tails,5
38,Male,90.9,2019-07-19,Brown,Heads,3
62,Female,83.5,2019-07-19,Green,Heads,2
31,Male,85.2,2019-07-19,Blue,Heads,6
67,Female,91,2019-07-19,Gray,Tails,3
54,Male,85,2019-07-19,Brown,Tails,2
47,Male,89.7,2019-07-19,Green,Tails,5
45,Male,88,2019-07-19,Brown,Heads,3
42,Female,85.5,2019-07-19,Brown,Heads,
70,Male,96.3,2019-07-19,Blue,Heads,2
53,Female,83,2019-07-19,Brown,Tails,5
23,Female,88.5,2019-07-19,Blue,Tails,2
37,Male,90,2019-07-19,Brown,Tails,1
,Female,90.6,2019-07-19,Green,Tails,6
56,Male,90.5,2019-07-19,Blue,Tails,2
21,Male,88.5,2019-07-19,Green,Heads,2
18,Female,95.3,2019-07-19,Hazel,Heads,2
86,Male,95.9,2019-07-19,Blue,Tails,6
23,Male,86,2019-07-19,Blue,Tails,
33,Female,90.6,2019-07-19,Brown,Tails,6
74,Male,94.1,2019-07-19,Hazel,Tails,2
58,Female,81.7,2019-07-19,Brown,Tails,6
54,Female,88.4,2019-07-19,Brown,Tails,3
30,Male,88.5,2019-07-19,Brown,Heads,5
72,Male,90.3,2019-07-19,Blue,Heads,3
89,Female,90.6,2019-07-19,Hazel,Tails,3
25,Male,89.1,2019-07-19,Brown,Tails,3
55,Male,82.5,2019-07-19,Brown,Heads,
